Date,Time,Comp,Round,Day,Venue,Result,Opponent_x,Poss,Attendance,Captain,Formation,Referee,Match Report,Dist,FK,Season,Team,win,Opponent_y,rolling_GF,rolling_GA,rolling_GD,rolling_xG,rolling_xGA,rolling_xGD,rolling_SoT,rolling_Sh,rolling_Poss
2023-08-11,20:00,Premier League,Matchweek 1,Fri,Away,W,Burnley,65.0,21572.0,Kevin De Bruyne,4-2-3-1,Craig Pawson,Match Report,13.9,0.0,2024,ManchesterCity,1,Burnley,,,,,,,,,
2023-08-19,20:00,Premier League,Matchweek 2,Sat,Home,W,Newcastle Utd,59.0,53419.0,Kyle Walker,4-2-3-1,Robert Jones,Match Report,17.9,0.0,2024,ManchesterCity,1,NewcastleUnited,,,,,,,,,
2023-08-27,14:00,Premier League,Matchweek 3,Sun,Away,W,Sheffield Utd,79.0,31336.0,Kyle Walker,4-2-3-1,Jarred Gillett,Match Report,17.3,2.0,2024,ManchesterCity,1,SheffieldUnited,,,,,,,,,
2023-09-02,15:00,Premier League,Matchweek 4,Sat,Home,W,Fulham,68.0,52899.0,Kyle Walker,4-2-3-1,Michael Oliver,Match Report,14.8,0.0,2024,ManchesterCity,1,Fulham,,,,,,,,,
2023-09-16,15:00,Premier League,Matchweek 5,Sat,Away,W,West Ham,68.0,62475.0,Kyle Walker,4-2-3-1,Andy Madley,Match Report,16.4,1.0,2024,ManchesterCity,1,WestHamUnited,,,,,,,,,
2023-09-23,15:00,Premier League,Matchweek 6,Sat,Home,W,Nott'ham Forest,57.0,53413.0,Kyle Walker,4-2-3-1,Anthony Taylor,Match Report,17.2,2.0,2024,ManchesterCity,1,NottinghamForest,2.8,0.6,2.2,2.44,0.72,1.72,7.6,19.0,67.8
2023-09-30,15:00,Premier League,Matchweek 7,Sat,Away,L,Wolves,68.0,31415.0,Kyle Walker,4-2-3-1,Craig Pawson,Match Report,19.3,1.0,2024,ManchesterCity,0,WolverhamptonWanderers,2.6,0.6,2.0,2.32,0.86,1.4600000000000002,6.8,17.0,66.2
2023-10-08,16:30,Premier League,Matchweek 8,Sun,Away,L,Arsenal,51.0,60233.0,Kyle Walker,4-3-3,Michael Oliver,Match Report,14.9,0.0,2024,ManchesterCity,0,Arsenal,2.6,1.0,1.6,2.3,0.8799999999999999,1.4200000000000002,7.6,18.8,68.0
2023-10-21,15:00,Premier League,Matchweek 9,Sat,Home,W,Brighton,55.0,53466.0,Kyle Walker,3-2-4-1,Robert Jones,Match Report,18.8,1.0,2024,ManchesterCity,1,BrightonandHoveAlbion,2.2,1.0,1.2,1.7,0.82,0.8800000000000001,5.8,13.8,62.4
2023-10-29,15:30,Premier League,Matchweek 10,Sun,Away,W,Manchester Utd,60.0,73502.0,Kyle Walker,4-2-3-1,Paul Tierney,Match Report,17.2,2.0,2024,ManchesterCity,1,ManchesterUnited,1.6,1.0,0.6,1.4200000000000002,0.7,0.72,6.0,14.6,59.8
2023-11-04,15:00,Premier League,Matchweek 11,Sat,Home,W,Bournemouth,65.0,53358.0,Kyle Walker,3-4-3,Craig Pawson,Match Report,16.4,0.0,2024,ManchesterCity,1,Bournemouth,1.6,0.8,0.8,1.5,0.7,0.8,5.2,12.8,58.2
2023-11-12,16:30,Premier League,Matchweek 12,Sun,Away,D,Chelsea,55.0,39532.0,Kyle Walker,3-2-4-1,Anthony Taylor,Match Report,16.6,1.0,2024,ManchesterCity,0,Chelsea,2.4,1.0,1.4,1.6199999999999999,0.68,0.9400000000000001,6.0,15.6,59.8
2023-11-25,12:30,Premier League,Matchweek 13,Sat,Home,D,Liverpool,59.0,53289.0,Kyle Walker,3-2-4-1,Chris Kavanagh,Match Report,16.3,1.0,2024,ManchesterCity,0,Liverpool,3.0,1.4,1.6,2.02,1.1800000000000002,0.8400000000000001,6.2,13.8,57.2
2023-12-03,16:30,Premier League,Matchweek 14,Sun,Home,D,Tottenham,55.0,53473.0,Kyle Walker,3-2-4-1,Simon Hooper,Match Report,13.4,0.0,2024,ManchesterCity,0,TottenhamHotspur,3.2,1.4,1.8,2.18,1.22,0.96,7.2,16.2,58.8
2023-12-06,20:15,Premier League,Matchweek 15,Wed,Away,L,Aston Villa,54.0,41421.0,Kyle Walker,3-2-4-1,John Brooks,Match Report,7.4,0.0,2024,ManchesterCity,0,AstonVilla,3.4,1.8,1.6,2.54,1.16,1.38,7.0,17.6,58.8
2023-12-10,14:00,Premier League,Matchweek 16,Sun,Away,W,Luton Town,65.0,11047.0,Kyle Walker,4-2-3-1,Tim Robinson,Match Report,18.7,1.0,2024,ManchesterCity,1,LutonTown,2.8,2.0,0.8,1.8599999999999999,1.44,0.42000000000000004,5.6,14.0,57.6
2023-12-16,15:00,Premier League,Matchweek 17,Sat,Home,D,Crystal Palace,74.0,53248.0,Kyle Walker,4-2-3-1,Paul Tierney,Match Report,18.2,0.0,2024,ManchesterCity,0,CrystalPalace,2.0,2.0,0.0,1.8,1.3199999999999998,0.4800000000000001,5.2,13.4,57.6
2023-12-27,20:15,Premier League,Matchweek 19,Wed,Away,W,Everton,72.0,39327.0,Kyle Walker,4-2-3-1,John Brooks,Match Report,19.5,1.0,2024,ManchesterCity,1,Everton,1.6,1.6,0.0,1.5400000000000003,1.1,0.44000000000000006,5.2,14.4,61.4
2023-12-30,15:00,Premier League,Matchweek 20,Sat,Home,W,Sheffield Utd,80.0,53108.0,Kyle Walker,4-2-3-1,David Coote,Match Report,17.4,0.0,2024,ManchesterCity,1,SheffieldUnited,2.0,1.6,0.4,1.7600000000000002,1.1800000000000002,0.5800000000000001,5.8,15.6,64.0
2024-01-13,17:30,Premier League,Matchweek 21,Sat,Away,W,Newcastle Utd,72.0,52190.0,Kyle Walker,4-2-3-1,Chris Kavanagh,Match Report,19.3,2.0,2024,ManchesterCity,1,NewcastleUnited,1.8,1.0,0.8,1.6800000000000002,1.1400000000000001,0.54,5.8,15.8,69.0
2024-01-31,19:30,Premier League,Matchweek 22,Wed,Home,W,Burnley,74.0,52143.0,Kevin De Bruyne,4-2-3-1,Samuel Barrott,Match Report,15.8,1.0,2024,ManchesterCity,1,Burnley,2.4,1.2,1.2,2.16,0.9399999999999998,1.2200000000000002,7.6,20.8,72.6
2024-02-05,20:00,Premier League,Matchweek 23,Mon,Away,W,Brentford,72.0,17096.0,Kyle Walker,4-1-4-1,Jarred Gillett,Match Report,19.2,0.0,2024,ManchesterCity,1,Brentford,2.6,1.2,1.4,2.1799999999999997,1.16,1.02,7.2,20.0,74.4
2024-02-10,12:30,Premier League,Matchweek 24,Sat,Home,W,Everton,72.0,52187.0,Rúben Dias,4-1-4-1,John Brooks,Match Report,17.4,0.0,2024,ManchesterCity,1,Everton,2.8,1.0,1.8,2.28,1.0,1.28,8.4,21.2,74.0
2024-02-17,17:30,Premier League,Matchweek 25,Sat,Home,D,Chelsea,70.0,52178.0,Kyle Walker,4-1-4-1,Andy Madley,Match Report,15.9,1.0,2024,ManchesterCity,0,Chelsea,2.6,0.8,1.8,2.12,0.86,1.26,7.4,20.6,74.0
2024-02-20,19:30,Premier League,Matchweek 18,Tue,Home,W,Brentford,70.0,52247.0,Kyle Walker,4-2-3-1,Darren England,Match Report,17.6,0.0,2024,ManchesterCity,1,Brentford,2.4,1.0,1.4,2.2,1.0799999999999998,1.12,7.6,23.2,72.0
2024-02-24,17:30,Premier League,Matchweek 26,Sat,Away,W,Bournemouth,62.0,11184.0,Rúben Dias,3-2-4-1,Jarred Gillett,Match Report,15.5,1.0,2024,ManchesterCity,1,Bournemouth,2.0,0.6,1.4,2.06,0.9,1.16,7.4,22.8,71.6
2024-03-03,15:30,Premier League,Matchweek 27,Sun,Home,W,Manchester Utd,73.0,53514.0,Kyle Walker,3-2-4-1,Andy Madley,Match Report,17.7,1.0,2024,ManchesterCity,1,ManchesterUnited,1.6,0.4,1.2,2.04,0.7999999999999999,1.24,7.8,23.0,69.2
2024-03-10,15:45,Premier League,Matchweek 28,Sun,Away,D,Liverpool,47.0,59947.0,Kyle Walker,3-2-4-1,Michael Oliver,Match Report,18.6,0.0,2024,ManchesterCity,0,Liverpool,1.6,0.4,1.2,2.2800000000000002,0.6399999999999999,1.64,6.4,23.4,69.4
2024-03-31,16:30,Premier League,Matchweek 30,Sun,Home,D,Arsenal,72.0,52178.0,Kevin De Bruyne,4-1-4-1,Anthony Taylor,Match Report,14.2,0.0,2024,ManchesterCity,0,Arsenal,1.4,0.6,0.8,2.28,1.1199999999999999,1.1599999999999997,7.0,21.6,64.4
2024-04-03,20:15,Premier League,Matchweek 31,Wed,Home,W,Aston Villa,67.0,53422.0,Rúben Dias,4-2-3-1,Darren England,Match Report,15.9,2.0,2024,ManchesterCity,1,AstonVilla,1.2,0.4,0.8,1.9600000000000002,0.9799999999999999,0.9799999999999999,6.2,17.8,64.8
2024-04-06,12:30,Premier League,Matchweek 32,Sat,Away,W,Crystal Palace,75.0,25132.0,Kevin De Bruyne,3-2-4-1,Paul Tierney,Match Report,16.1,0.0,2024,ManchesterCity,1,CrystalPalace,1.8,0.6,1.2,2.18,1.06,1.1199999999999999,6.4,17.8,64.2
2024-04-13,15:00,Premier League,Matchweek 33,Sat,Home,W,Luton Town,73.0,52149.0,Kevin De Bruyne,4-2-3-1,John Brooks,Match Report,16.9,0.0,2024,ManchesterCity,1,LutonTown,2.4,1.0,1.4,2.2399999999999998,1.1,1.14,6.8,18.4,66.8
2024-04-25,20:00,Premier League,Matchweek 29,Thu,Away,W,Brighton,64.0,31596.0,Kyle Walker,4-1-4-1,Jarred Gillett,Match Report,17.0,1.0,2024,ManchesterCity,1,BrightonandHoveAlbion,2.8,1.0,1.8,2.42,1.16,1.2599999999999998,7.6,20.2,66.8
2024-04-28,16:30,Premier League,Matchweek 35,Sun,Away,W,Nott'ham Forest,66.0,29677.0,Kyle Walker,4-1-4-1,Simon Hooper,Match Report,18.7,1.0,2024,ManchesterCity,1,NottinghamForest,3.4,0.8,2.6,2.38,0.74,1.64,7.6,21.0,70.2
2024-05-04,17:30,Premier League,Matchweek 36,Sat,Home,W,Wolves,58.0,52439.0,Kyle Walker,4-2-3-1,Craig Pawson,Match Report,15.3,0.0,2024,ManchesterCity,1,WolverhamptonWanderers,3.8,0.8,3.0,2.3600000000000003,0.9800000000000001,1.38,8.4,20.8,69.0
2024-05-11,12:30,Premier League,Matchweek 37,Sat,Away,W,Fulham,64.0,24418.0,Kevin De Bruyne,4-2-3-1,Anthony Taylor,Match Report,17.6,0.0,2024,ManchesterCity,1,Fulham,4.0,0.8,3.2,2.42,0.8799999999999999,1.54,8.2,19.4,67.2
2024-05-14,20:00,Premier League,Matchweek 34,Tue,Away,W,Tottenham,47.0,61065.0,Kyle Walker,4-2-3-1,Chris Kavanagh,Match Report,14.5,0.0,2024,ManchesterCity,1,TottenhamHotspur,4.0,0.4,3.6,2.6799999999999997,0.6799999999999999,2.0,8.2,18.8,65.0
2024-05-19,16:00,Premier League,Matchweek 38,Sun,Home,W,West Ham,71.0,55097.0,Kyle Walker,4-1-4-1,John Brooks,Match Report,17.9,2.0,2024,ManchesterCity,1,WestHamUnited,3.4,0.2,3.2,2.32,0.9199999999999999,1.4,6.6,13.0,59.8
2023-08-12,12:30,Premier League,Matchweek 1,Sat,Home,W,Nott'ham Forest,78.0,59984.0,Martin Ødegaard,4-3-3,Michael Oliver,Match Report,19.1,0.0,2024,Arsenal,1,NottinghamForest,,,,,,,,,
2023-08-21,20:00,Premier League,Matchweek 2,Mon,Away,W,Crystal Palace,53.0,24189.0,Martin Ødegaard,4-3-3,David Coote,Match Report,16.4,0.0,2024,Arsenal,1,CrystalPalace,,,,,,,,,
2023-08-26,15:00,Premier League,Matchweek 3,Sat,Home,D,Fulham,71.0,59961.0,Martin Ødegaard,4-3-3,Paul Tierney,Match Report,13.8,0.0,2024,Arsenal,0,Fulham,,,,,,,,,
2023-09-03,16:30,Premier League,Matchweek 4,Sun,Home,W,Manchester Utd,55.0,60192.0,Martin Ødegaard,4-3-3,Anthony Taylor,Match Report,15.0,0.0,2024,Arsenal,1,ManchesterUnited,,,,,,,,,
2023-09-17,16:30,Premier League,Matchweek 5,Sun,Away,W,Everton,74.0,39217.0,Martin Ødegaard,4-3-3,Simon Hooper,Match Report,17.4,0.0,2024,Arsenal,1,Everton,,,,,,,,,
2023-09-24,14:00,Premier League,Matchweek 6,Sun,Home,D,Tottenham,47.0,60156.0,Martin Ødegaard,4-3-3,Robert Jones,Match Report,16.9,0.0,2024,Arsenal,0,TottenhamHotspur,1.8,0.8,1.0,1.86,0.8,1.06,5.4,15.2,66.2
2023-09-30,15:00,Premier League,Matchweek 7,Sat,Away,W,Bournemouth,57.0,11193.0,Martin Ødegaard,4-3-3,Michael Salisbury,Match Report,15.5,0.0,2024,Arsenal,1,Bournemouth,1.8,1.0,0.8,2.0599999999999996,0.8399999999999999,1.22,4.8,14.6,60.0
2023-10-08,16:30,Premier League,Matchweek 8,Sun,Home,W,Manchester City,49.0,60233.0,Martin Ødegaard,4-3-3,Michael Oliver,Match Report,19.2,0.0,2024,Arsenal,1,ManchesterCity,2.4,1.0,1.4,2.34,0.76,1.5799999999999998,5.6,14.6,60.8
2023-10-21,17:30,Premier League,Matchweek 9,Sat,Away,D,Chelsea,56.0,39723.0,Martin Ødegaard,4-3-3,Chris Kavanagh,Match Report,14.3,0.0,2024,Arsenal,0,Chelsea,2.2,0.6,1.6,1.78,0.74,1.04,4.2,13.4,56.4
2023-10-28,15:00,Premier League,Matchweek 10,Sat,Home,W,Sheffield Utd,67.0,60153.0,Bukayo Saka,4-3-3,Tim Robinson,Match Report,17.0,0.0,2024,Arsenal,1,SheffieldUnited,2.0,0.8,1.2,1.52,0.82,0.7,3.8,12.6,56.6
2023-11-04,17:30,Premier League,Matchweek 11,Sat,Away,L,Newcastle Utd,58.0,52194.0,Jorginho,4-3-3,Stuart Attwell,Match Report,20.7,0.0,2024,Arsenal,0,NewcastleUnited,2.8,0.8,2.0,1.8800000000000001,0.76,1.1199999999999999,4.2,12.4,55.2
2023-11-11,15:00,Premier League,Matchweek 12,Sat,Home,W,Burnley,63.0,60232.0,Jorginho,4-3-3,Michael Oliver,Match Report,13.8,0.0,2024,Arsenal,1,Burnley,2.4,0.6,1.8,1.64,0.6799999999999999,0.9599999999999997,3.6,12.8,57.4
2023-11-25,17:30,Premier League,Matchweek 13,Sat,Away,W,Brentford,63.0,17201.0,Martin Ødegaard,4-3-3,Tim Robinson,Match Report,15.2,0.0,2024,Arsenal,1,Brentford,2.2,0.8,1.4,1.3199999999999998,0.6199999999999999,0.7,3.6,13.4,58.6
2023-12-02,15:00,Premier League,Matchweek 14,Sat,Home,W,Wolves,57.0,60262.0,Martin Ødegaard,4-3-3,Peter Bankes,Match Report,15.6,0.0,2024,Arsenal,1,WolverhamptonWanderers,2.2,0.8,1.4,1.5599999999999998,0.74,0.82,4.0,14.0,61.4
2023-12-05,20:15,Premier League,Matchweek 15,Tue,Away,W,Luton Town,66.0,11031.0,Martin Ødegaard,4-3-3,Samuel Barrott,Match Report,15.5,0.0,2024,Arsenal,1,LutonTown,2.2,0.6,1.6,1.92,0.62,1.3,4.6,15.2,61.6
2023-12-09,17:30,Premier League,Matchweek 16,Sat,Away,L,Aston Villa,61.0,42000.0,Martin Ødegaard,4-3-3,Jarred Gillett,Match Report,14.8,1.0,2024,Arsenal,0,AstonVilla,2.0,1.2,0.8,1.8,0.72,1.08,5.2,17.4,61.4
2023-12-17,14:00,Premier League,Matchweek 17,Sun,Home,W,Brighton,49.0,60257.0,Martin Ødegaard,4-3-3,Tim Robinson,Match Report,14.2,0.0,2024,Arsenal,1,BrightonandHoveAlbion,2.0,1.2,0.8,1.9600000000000002,0.64,1.32,5.6,17.0,62.0
2023-12-23,17:30,Premier League,Matchweek 18,Sat,Away,D,Liverpool,48.0,57548.0,Martin Ødegaard,4-3-3,Chris Kavanagh,Match Report,17.2,0.0,2024,Arsenal,0,Liverpool,1.8,1.0,0.8,2.06,0.72,1.3399999999999999,6.0,19.0,59.2
2023-12-28,20:15,Premier League,Matchweek 19,Thu,Home,L,West Ham,73.0,60261.0,Martin Ødegaard,4-3-3,Michael Oliver,Match Report,16.8,0.0,2024,Arsenal,0,WestHamUnited,1.8,1.2,0.6,1.8800000000000001,0.7,1.18,5.6,18.6,56.2
2023-12-31,14:00,Premier League,Matchweek 20,Sun,Away,L,Fulham,60.0,24444.0,Martin Ødegaard,4-3-3,Joshua Smith,Match Report,15.4,1.0,2024,Arsenal,0,Fulham,1.4,1.4,0.0,1.86,0.8399999999999999,1.02,6.0,20.8,59.4
2024-01-20,12:30,Premier League,Matchweek 21,Sat,Home,W,Crystal Palace,60.0,60284.0,Martin Ødegaard,4-3-3,Paul Tierney,Match Report,16.7,0.0,2024,Arsenal,1,CrystalPalace,0.8,1.2,-0.4,1.7400000000000002,0.9799999999999999,0.76,4.8,18.8,58.2
2024-01-30,19:30,Premier League,Matchweek 22,Tue,Away,W,Nott'ham Forest,73.0,29387.0,Martin Ødegaard,4-3-3,Simon Hooper,Match Report,17.6,0.0,2024,Arsenal,1,NottinghamForest,1.8,1.0,0.8,2.12,0.9199999999999999,1.2,5.6,20.6,58.0
2024-02-04,16:30,Premier League,Matchweek 23,Sun,Home,W,Liverpool,43.0,60374.0,Martin Ødegaard,4-3-3,Anthony Taylor,Match Report,14.2,0.0,2024,Arsenal,1,Liverpool,1.8,1.2,0.6,1.9000000000000004,0.8800000000000001,1.02,4.6,19.2,62.8
2024-02-11,14:00,Premier League,Matchweek 24,Sun,Away,W,West Ham,70.0,62475.0,Martin Ødegaard,4-3-3,Craig Pawson,Match Report,16.0,0.0,2024,Arsenal,1,WestHamUnited,2.2,1.2,1.0,2.46,0.76,1.7,5.6,19.6,61.8
2024-02-17,15:00,Premier League,Matchweek 25,Sat,Away,W,Burnley,64.0,21311.0,Martin Ødegaard,4-3-3,Jarred Gillett,Match Report,16.8,1.0,2024,Arsenal,1,Burnley,3.4,0.8,2.6,2.64,0.52,2.12,6.2,18.4,61.2
2024-02-24,20:00,Premier League,Matchweek 26,Sat,Home,W,Newcastle Utd,55.0,60298.0,Martin Ødegaard,4-3-3,Paul Tierney,Match Report,13.8,0.0,2024,Arsenal,1,NewcastleUnited,4.2,0.4,3.8,2.78,0.34,2.44,6.8,18.8,62.0
2024-03-04,20:00,Premier League,Matchweek 27,Mon,Away,W,Sheffield Utd,80.0,29157.0,Martin Ødegaard,4-3-3,Samuel Barrott,Match Report,15.6,1.0,2024,Arsenal,1,SheffieldUnited,4.0,0.6,3.4,2.68,0.32,2.36,6.8,18.2,61.0
2024-03-09,17:30,Premier League,Matchweek 28,Sat,Home,W,Brentford,71.0,60331.0,Martin Ødegaard,4-3-3,Robert Jones,Match Report,16.4,0.0,2024,Arsenal,1,Brentford,4.8,0.4,4.4,2.8999999999999995,0.26,2.6399999999999997,8.0,18.8,62.4
2024-03-31,16:30,Premier League,Matchweek 30,Sun,Away,D,Manchester City,28.0,52178.0,Martin Ødegaard,4-3-3,Anthony Taylor,Match Report,14.2,0.0,2024,Arsenal,0,ManchesterCity,4.6,0.4,4.2,2.46,0.38,2.0799999999999996,7.6,19.2,68.0
2024-04-03,19:30,Premier League,Matchweek 31,Wed,Home,W,Luton Town,58.0,60262.0,Martin Ødegaard,4-3-3,Craig Pawson,Match Report,17.8,0.0,2024,Arsenal,1,LutonTown,3.4,0.4,3.0,1.8799999999999997,0.54,1.3399999999999999,5.8,15.6,59.6
2024-04-06,17:30,Premier League,Matchweek 32,Sat,Away,W,Brighton,46.0,31677.0,Martin Ødegaard,4-3-3,John Brooks,Match Report,12.4,0.0,2024,Arsenal,1,BrightonandHoveAlbion,2.8,0.4,2.4,1.56,0.5399999999999999,1.02,5.4,15.2,58.4
2024-04-14,16:30,Premier League,Matchweek 33,Sun,Home,L,Aston Villa,52.0,60350.0,Martin Ødegaard,4-3-3,David Coote,Match Report,17.2,1.0,2024,Arsenal,0,AstonVilla,2.6,0.2,2.4,1.6800000000000002,0.6,1.0799999999999998,5.2,15.4,56.6
2024-04-20,19:30,Premier League,Matchweek 34,Sat,Away,W,Wolves,54.0,31621.0,Martin Ødegaard,4-3-3,Paul Tierney,Match Report,17.8,0.0,2024,Arsenal,1,WolverhamptonWanderers,1.4,0.6,0.8,1.5399999999999998,0.74,0.8,4.2,14.6,51.0
2024-04-23,20:00,Premier League,Matchweek 29,Tue,Home,W,Chelsea,45.0,60238.0,Martin Ødegaard,4-3-3,Simon Hooper,Match Report,16.3,0.0,2024,Arsenal,1,Chelsea,1.4,0.4,1.0,1.52,0.58,0.9400000000000001,5.0,16.0,47.6
2024-04-28,14:00,Premier League,Matchweek 35,Sun,Away,W,Tottenham,38.0,61554.0,Martin Ødegaard,4-3-3,Michael Oliver,Match Report,14.3,1.0,2024,Arsenal,1,TottenhamHotspur,2.4,0.4,2.0,2.04,0.7,1.3399999999999999,6.6,20.2,51.0
2024-05-04,12:30,Premier League,Matchweek 36,Sat,Home,W,Bournemouth,55.0,60348.0,Martin Ødegaard,4-3-3,David Coote,Match Report,14.0,0.0,2024,Arsenal,1,Bournemouth,2.6,0.8,1.8,2.1,1.1,1.0,6.4,19.4,47.0
2024-05-12,16:30,Premier League,Matchweek 37,Sun,Away,W,Manchester Utd,46.0,73600.0,Martin Ødegaard,4-3-3,Paul Tierney,Match Report,13.4,0.0,2024,Arsenal,1,ManchesterUnited,2.6,0.8,1.8,2.0799999999999996,1.1,0.9800000000000001,6.8,20.4,48.8
2024-05-19,16:00,Premier League,Matchweek 38,Sun,Home,W,Everton,68.0,60312.0,Martin Ødegaard,4-3-3,Michael Oliver,Match Report,14.1,0.0,2024,Arsenal,1,Everton,2.8,0.4,2.4,2.06,1.02,1.0399999999999998,7.0,19.0,47.6
2023-08-13,16:30,Premier League,Matchweek 1,Sun,Away,D,Chelsea,35.0,40096.0,Virgil van Dijk,4-3-3,Anthony Taylor,Match Report,17.8,0.0,2024,Liverpool,0,Chelsea,,,,,,,,,
2023-08-19,15:00,Premier League,Matchweek 2,Sat,Home,W,Bournemouth,64.0,53145.0,Virgil van Dijk,4-3-3,Thomas Bramall,Match Report,16.8,1.0,2024,Liverpool,1,Bournemouth,,,,,,,,,
2023-08-27,16:30,Premier League,Matchweek 3,Sun,Away,W,Newcastle Utd,41.0,52214.0,Virgil van Dijk,4-3-3,John Brooks,Match Report,17.2,1.0,2024,Liverpool,1,NewcastleUnited,,,,,,,,,
2023-09-03,14:00,Premier League,Matchweek 4,Sun,Home,W,Aston Villa,63.0,50109.0,Trent Alexander-Arnold,4-3-3,Simon Hooper,Match Report,14.7,0.0,2024,Liverpool,1,AstonVilla,,,,,,,,,
2023-09-16,12:30,Premier League,Matchweek 5,Sat,Away,W,Wolves,65.0,31257.0,Andrew Robertson,4-3-3,Michael Oliver,Match Report,15.8,0.0,2024,Liverpool,1,WolverhamptonWanderers,,,,,,,,,
2023-09-24,14:00,Premier League,Matchweek 6,Sun,Home,W,West Ham,63.0,50136.0,Virgil van Dijk,4-3-3,Chris Kavanagh,Match Report,19.3,2.0,2024,Liverpool,1,WestHamUnited,2.4,0.8,1.6,2.04,1.2,0.8400000000000001,4.6,16.0,53.6
2023-09-30,17:30,Premier League,Matchweek 7,Sat,Away,L,Tottenham,36.0,62001.0,Virgil van Dijk,4-3-3,Simon Hooper,Match Report,14.9,0.0,2024,Liverpool,0,TottenhamHotspur,2.8,0.8,2.0,2.38,1.14,1.2399999999999998,5.6,17.6,59.2
2023-10-08,14:00,Premier League,Matchweek 8,Sun,Away,D,Brighton,54.0,31752.0,Virgil van Dijk,4-3-3,Anthony Taylor,Match Report,18.8,0.0,2024,Liverpool,0,BrightonandHoveAlbion,2.4,1.0,1.4,2.04,1.3199999999999998,0.72,4.6,15.0,53.6
2023-10-21,12:30,Premier League,Matchweek 9,Sat,Home,W,Everton,77.0,50201.0,Virgil van Dijk,4-3-3,Craig Pawson,Match Report,22.4,1.0,2024,Liverpool,1,Everton,2.4,1.2,1.2,2.3200000000000003,1.3800000000000001,0.9399999999999998,4.4,15.8,56.2
2023-10-29,14:00,Premier League,Matchweek 10,Sun,Home,W,Nott'ham Forest,72.0,50143.0,Virgil van Dijk,4-3-3,Chris Kavanagh,Match Report,19.5,2.0,2024,Liverpool,1,NottinghamForest,2.2,1.2,1.0,2.2600000000000002,1.2600000000000002,1.0,4.6,17.4,59.0
2023-11-05,16:30,Premier League,Matchweek 11,Sun,Away,D,Luton Town,73.0,11049.0,Virgil van Dijk,4-3-3,Andy Madley,Match Report,17.5,0.0,2024,Liverpool,0,LutonTown,2.2,1.0,1.2,2.4,1.22,1.1800000000000002,5.2,18.4,60.4
2023-11-12,14:00,Premier League,Matchweek 12,Sun,Home,W,Brentford,58.0,50151.0,Virgil van Dijk,4-3-3,Paul Tierney,Match Report,19.0,0.0,2024,Liverpool,1,Brentford,1.8,1.0,0.8,2.3200000000000003,1.1600000000000001,1.16,5.2,19.0,62.4
2023-11-25,12:30,Premier League,Matchweek 13,Sat,Away,D,Manchester City,41.0,53289.0,Virgil van Dijk,4-3-3,Chris Kavanagh,Match Report,15.9,0.0,2024,Liverpool,0,ManchesterCity,2.2,0.6,1.6,2.4,1.04,1.36,6.4,20.0,66.8
2023-12-03,14:00,Premier League,Matchweek 14,Sun,Home,W,Fulham,61.0,50124.0,Virgil van Dijk,4-3-3,Stuart Attwell,Match Report,18.9,1.0,2024,Liverpool,1,Fulham,2.0,0.4,1.6,2.0599999999999996,0.8400000000000001,1.2200000000000002,6.4,19.0,64.2
2023-12-06,19:30,Premier League,Matchweek 15,Wed,Away,W,Sheffield Utd,75.0,31406.0,Virgil van Dijk,4-3-3,Simon Hooper,Match Report,16.4,0.0,2024,Liverpool,1,SheffieldUnited,2.4,1.0,1.4,2.04,1.06,0.9799999999999999,7.8,19.2,61.0
2023-12-09,12:30,Premier League,Matchweek 16,Sat,Away,W,Crystal Palace,76.0,25103.0,Virgil van Dijk,4-3-3,Andy Madley,Match Report,17.4,0.0,2024,Liverpool,1,CrystalPalace,2.2,1.0,1.2,1.7399999999999998,1.1800000000000002,0.5599999999999999,7.8,18.0,61.6
2023-12-17,16:30,Premier League,Matchweek 17,Sun,Home,D,Manchester Utd,68.0,57158.0,Virgil van Dijk,4-3-3,Michael Oliver,Match Report,17.7,0.0,2024,Liverpool,0,ManchesterUnited,2.4,1.0,1.4,1.4600000000000002,1.36,0.09999999999999998,7.0,16.0,62.2
2023-12-23,17:30,Premier League,Matchweek 18,Sat,Home,D,Arsenal,52.0,57548.0,Virgil van Dijk,4-3-3,Chris Kavanagh,Match Report,20.1,1.0,2024,Liverpool,0,Arsenal,1.8,1.0,0.8,1.58,1.2,0.38,6.6,19.4,64.2
2023-12-26,17:30,Premier League,Matchweek 19,Tue,Away,W,Burnley,68.0,21624.0,Virgil van Dijk,4-3-3,Paul Tierney,Match Report,17.4,0.0,2024,Liverpool,1,Burnley,1.8,1.0,0.8,1.6599999999999997,1.08,0.58,6.6,20.4,66.4
2024-01-01,20:00,Premier League,Matchweek 20,Mon,Home,W,Newcastle Utd,61.0,57471.0,Virgil van Dijk,4-3-3,Anthony Taylor,Match Report,16.2,0.0,2024,Liverpool,1,NewcastleUnited,1.4,0.4,1.0,1.6,1.0,0.5999999999999999,6.2,19.0,67.8
2024-01-21,16:30,Premier League,Matchweek 21,Sun,Away,W,Bournemouth,60.0,11228.0,Virgil van Dijk,4-3-3,Andy Madley,Match Report,19.2,0.0,2024,Liverpool,1,Bournemouth,1.8,0.8,1.0,2.66,0.9199999999999999,1.7399999999999998,7.0,22.4,65.0
2024-01-31,20:15,Premier League,Matchweek 22,Wed,Home,W,Chelsea,50.0,57524.0,Virgil van Dijk,4-3-3,Paul Tierney,Match Report,19.9,2.0,2024,Liverpool,1,Chelsea,2.2,0.6,1.6,2.72,0.86,1.86,8.0,22.4,61.8
2024-02-04,16:30,Premier League,Matchweek 23,Sun,Away,L,Arsenal,57.0,60374.0,Virgil van Dijk,4-3-3,Anthony Taylor,Match Report,19.7,0.0,2024,Liverpool,0,Arsenal,3.0,0.8,2.2,2.84,0.82,2.02,9.0,21.0,58.2
2024-02-10,15:00,Premier League,Matchweek 24,Sat,Home,W,Burnley,70.0,59896.0,Virgil van Dijk,4-3-3,Tim Robinson,Match Report,15.4,0.0,2024,Liverpool,1,Burnley,3.0,1.2,1.8,2.7199999999999998,1.3800000000000001,1.3399999999999999,8.6,20.4,59.2
2024-02-17,12:30,Premier League,Matchweek 25,Sat,Away,W,Brentford,62.0,17193.0,Virgil van Dijk,4-3-3,Michael Oliver,Match Report,15.9,1.0,2024,Liverpool,1,Brentford,3.2,1.4,1.8,2.9200000000000004,1.48,1.44,8.6,21.6,59.6
2024-02-21,19:30,Premier League,Matchweek 26,Wed,Home,W,Luton Town,60.0,59713.0,Virgil van Dijk,4-3-3,Andy Madley,Match Report,16.9,0.0,2024,Liverpool,1,LutonTown,3.2,1.2,2.0,2.0799999999999996,1.6800000000000002,0.39999999999999986,7.8,18.2,59.8
2024-03-02,15:00,Premier League,Matchweek 27,Sat,Away,W,Nott'ham Forest,69.0,29603.0,Virgil van Dijk,4-3-3,Paul Tierney,Match Report,14.6,0.0,2024,Liverpool,1,NottinghamForest,3.2,1.4,1.8,2.44,1.58,0.8599999999999998,9.0,21.2,59.8
2024-03-10,15:45,Premier League,Matchweek 28,Sun,Home,D,Manchester City,53.0,59947.0,Virgil van Dijk,4-3-3,Michael Oliver,Match Report,19.0,1.0,2024,Liverpool,0,ManchesterCity,2.6,1.2,1.4,2.26,1.6600000000000001,0.5999999999999999,6.6,20.2,63.6
2024-03-31,14:00,Premier League,Matchweek 30,Sun,Home,W,Brighton,55.0,60061.0,Virgil van Dijk,4-3-3,David Coote,Match Report,16.6,0.0,2024,Liverpool,1,BrightonandHoveAlbion,2.6,0.8,1.8,2.7199999999999998,1.28,1.44,7.4,21.8,62.8
2024-04-04,19:30,Premier League,Matchweek 31,Thu,Home,W,Sheffield Utd,82.0,60055.0,Virgil van Dijk,4-3-3,Stuart Attwell,Match Report,18.1,1.0,2024,Liverpool,1,SheffieldUnited,2.4,0.8,1.6,2.7199999999999998,1.1199999999999999,1.6,7.0,22.8,59.8
2024-04-07,15:30,Premier League,Matchweek 32,Sun,Away,D,Manchester Utd,62.0,73501.0,Virgil van Dijk,4-3-3,Anthony Taylor,Match Report,17.5,0.0,2024,Liverpool,0,ManchesterUnited,2.2,0.8,1.4,2.5200000000000005,0.9200000000000002,1.6,7.2,25.6,63.8
2024-04-14,14:00,Premier League,Matchweek 33,Sun,Home,L,Crystal Palace,69.0,60090.0,Virgil van Dijk,4-3-3,Chris Kavanagh,Match Report,12.5,1.0,2024,Liverpool,0,CrystalPalace,1.8,1.0,0.8,2.58,0.8800000000000001,1.7,5.8,25.2,64.2
2024-04-21,16:30,Premier League,Matchweek 34,Sun,Away,W,Fulham,60.0,24414.0,Virgil van Dijk,4-3-3,Craig Pawson,Match Report,18.8,2.0,2024,Liverpool,1,Fulham,1.6,1.2,0.4,2.72,1.08,1.6400000000000001,6.6,25.0,64.2
2024-04-24,20:00,Premier League,Matchweek 29,Wed,Away,L,Everton,75.0,38222.0,Virgil van Dijk,4-3-3,Andy Madley,Match Report,16.8,0.0,2024,Liverpool,0,Everton,2.0,1.2,0.8,2.3800000000000003,0.9199999999999999,1.4600000000000002,7.0,24.2,65.6
2024-04-27,12:30,Premier League,Matchweek 35,Sat,Away,D,West Ham,71.0,62474.0,Virgil van Dijk,4-3-3,Anthony Taylor,Match Report,16.6,1.0,2024,Liverpool,0,WestHamUnited,1.6,1.4,0.2,2.24,1.06,1.1800000000000002,6.8,22.8,69.6
2024-05-05,16:30,Premier League,Matchweek 36,Sun,Home,W,Tottenham,44.0,60075.0,Virgil van Dijk,4-3-3,Paul Tierney,Match Report,15.3,0.0,2024,Liverpool,1,TottenhamHotspur,1.4,1.6,-0.2,2.2199999999999998,1.08,1.1400000000000001,6.6,22.6,67.4
2024-05-13,20:00,Premier League,Matchweek 37,Mon,Away,D,Aston Villa,59.0,42241.0,Virgil van Dijk,4-3-3,Simon Hooper,Match Report,17.1,0.0,2024,Liverpool,0,AstonVilla,1.8,1.6,0.2,2.16,1.1800000000000002,0.9800000000000001,7.8,22.2,63.8
2024-05-19,16:00,Premier League,Matchweek 38,Sun,Home,W,Wolves,67.0,60059.0,Virgil van Dijk,4-3-3,Chris Kavanagh,Match Report,14.8,0.0,2024,Liverpool,1,WolverhamptonWanderers,2.4,2.0,0.4,1.9600000000000002,1.4,0.5599999999999999,8.2,20.8,61.8
2023-08-12,17:30,Premier League,Matchweek 1,Sat,Away,L,Newcastle Utd,48.0,52207.0,John McGinn,4-2-3-1,Andy Madley,Match Report,14.5,1.0,2024,AstonVilla,0,NewcastleUnited,,,,,,,,,
2023-08-20,14:00,Premier League,Matchweek 2,Sun,Home,W,Everton,60.0,41694.0,John McGinn,4-2-3-1,Anthony Taylor,Match Report,18.5,0.0,2024,AstonVilla,1,Everton,,,,,,,,,
2023-08-27,14:00,Premier League,Matchweek 3,Sun,Away,W,Burnley,43.0,21591.0,John McGinn,3-4-3,Michael Salisbury,Match Report,13.4,0.0,2024,AstonVilla,1,Burnley,,,,,,,,,
2023-09-03,14:00,Premier League,Matchweek 4,Sun,Away,L,Liverpool,37.0,50109.0,John McGinn,4-4-2,Simon Hooper,Match Report,12.5,0.0,2024,AstonVilla,0,Liverpool,,,,,,,,,
2023-09-16,15:00,Premier League,Matchweek 5,Sat,Home,W,Crystal Palace,66.0,40809.0,John McGinn,4-2-3-1,Darren England,Match Report,16.2,0.0,2024,AstonVilla,1,CrystalPalace,,,,,,,,,
2023-09-24,14:00,Premier League,Matchweek 6,Sun,Away,W,Chelsea,47.0,39700.0,John McGinn,4-2-3-1,Jarred Gillett,Match Report,18.2,1.0,2024,AstonVilla,1,Chelsea,2.2,2.0,0.2,2.1799999999999997,1.6599999999999997,0.52,5.0,13.6,50.8
2023-09-30,12:30,Premier League,Matchweek 7,Sat,Home,W,Brighton,39.0,40636.0,John McGinn,4-2-3-1,Andy Madley,Match Report,17.9,1.0,2024,AstonVilla,1,BrightonandHoveAlbion,2.2,1.0,1.2,2.0199999999999996,1.26,0.76,5.2,13.4,50.6
2023-10-08,14:00,Premier League,Matchweek 8,Sun,Away,D,Wolves,53.0,31425.0,John McGinn,4-4-2,Robert Jones,Match Report,16.6,0.0,2024,AstonVilla,0,WolverhamptonWanderers,2.6,1.2,1.4,1.7599999999999998,1.48,0.27999999999999997,5.8,14.8,46.4
2023-10-22,16:30,Premier League,Matchweek 9,Sun,Home,W,West Ham,58.0,41734.0,John McGinn,4-4-2,David Coote,Match Report,19.6,0.0,2024,AstonVilla,1,WestHamUnited,2.2,1.2,1.0,1.5799999999999998,1.6800000000000002,-0.1,5.4,15.2,48.4
2023-10-29,14:00,Premier League,Matchweek 10,Sun,Home,W,Luton Town,70.0,41785.0,John McGinn,4-4-2,John Brooks,Match Report,14.5,0.0,2024,AstonVilla,1,LutonTown,3.0,0.8,2.2,1.8199999999999998,1.4,0.41999999999999993,6.0,16.2,52.6
2023-11-05,14:00,Premier League,Matchweek 11,Sun,Away,L,Nott'ham Forest,73.0,29313.0,John McGinn,4-4-2,Jarred Gillett,Match Report,14.0,0.0,2024,AstonVilla,0,NottinghamForest,3.0,0.8,2.2,1.6799999999999997,1.26,0.41999999999999993,6.4,16.6,53.4
2023-11-12,14:00,Premier League,Matchweek 12,Sun,Home,W,Fulham,51.0,41608.0,John McGinn,4-2-2-2,Simon Hooper,Match Report,13.5,0.0,2024,AstonVilla,1,Fulham,2.8,1.2,1.6,1.72,1.08,0.6399999999999999,5.6,16.2,58.6
2023-11-26,14:00,Premier League,Matchweek 13,Sun,Away,W,Tottenham,38.0,61679.0,John McGinn,4-4-2,Robert Jones,Match Report,16.6,1.0,2024,AstonVilla,1,TottenhamHotspur,2.2,1.2,1.0,2.0,0.9199999999999999,1.0799999999999998,5.0,14.8,61.0
2023-12-03,14:00,Premier League,Matchweek 14,Sun,Away,D,Bournemouth,62.0,11191.0,John McGinn,4-4-2,Thomas Bramall,Match Report,19.2,1.0,2024,AstonVilla,0,Bournemouth,2.4,1.2,1.2,2.0199999999999996,1.0399999999999998,0.9799999999999999,5.2,14.2,58.0
2023-12-06,20:15,Premier League,Matchweek 15,Wed,Home,W,Manchester City,46.0,41421.0,John McGinn,4-4-1-1,John Brooks,Match Report,18.9,0.0,2024,AstonVilla,1,ManchesterCity,2.0,1.4,0.6,1.7799999999999998,1.22,0.5599999999999998,4.6,13.6,58.8
2023-12-09,17:30,Premier League,Matchweek 16,Sat,Home,W,Arsenal,39.0,42000.0,John McGinn,4-4-1-1,Jarred Gillett,Match Report,20.8,1.0,2024,AstonVilla,1,Arsenal,1.6,1.2,0.4,1.7799999999999998,1.24,0.5399999999999998,4.8,14.6,54.0
2023-12-17,14:00,Premier League,Matchweek 17,Sun,Away,W,Brentford,66.0,17034.0,John McGinn,3-5-2,David Coote,Match Report,16.7,0.0,2024,AstonVilla,1,Brentford,1.8,0.8,1.0,1.6599999999999997,1.44,0.21999999999999992,4.8,14.0,47.2
2023-12-22,20:00,Premier League,Matchweek 18,Fri,Home,D,Sheffield Utd,77.0,41651.0,John McGinn,4-4-1-1,Anthony Taylor,Match Report,17.5,0.0,2024,AstonVilla,0,SheffieldUnited,1.6,0.8,0.8,1.3399999999999999,1.3599999999999999,-0.020000000000000084,4.6,14.6,50.2
2023-12-26,20:00,Premier League,Matchweek 19,Tue,Away,L,Manchester Utd,54.0,73574.0,John McGinn,4-2-3-1,Craig Pawson,Match Report,14.6,1.0,2024,AstonVilla,0,ManchesterUnited,1.4,0.8,0.6,1.1799999999999997,1.02,0.1599999999999999,4.4,14.0,58.0
2023-12-30,15:00,Premier League,Matchweek 20,Sat,Home,W,Burnley,64.0,41613.0,John McGinn,4-4-1-1,Stuart Attwell,Match Report,16.9,1.0,2024,AstonVilla,1,Burnley,1.4,1.0,0.4,1.38,0.8399999999999999,0.5399999999999998,4.4,13.8,56.4
2024-01-14,14:00,Premier League,Matchweek 21,Sun,Away,D,Everton,68.0,39284.0,John McGinn,4-4-2,David Coote,Match Report,14.2,0.0,2024,AstonVilla,0,Everton,1.8,1.4,0.4,1.56,0.96,0.5999999999999999,4.2,13.0,60.0
2024-01-30,20:15,Premier League,Matchweek 22,Tue,Home,L,Newcastle Utd,61.0,42191.0,John McGinn,4-4-2,John Brooks,Match Report,14.3,0.0,2024,AstonVilla,0,NewcastleUnited,1.6,1.4,0.2,1.6799999999999997,0.9,0.7799999999999998,4.4,14.2,65.8
2024-02-03,17:30,Premier League,Matchweek 23,Sat,Away,W,Sheffield Utd,63.0,30187.0,John McGinn,4-2-3-1,Paul Tierney,Match Report,15.8,1.0,2024,AstonVilla,1,SheffieldUnited,1.4,1.8,-0.4,1.6799999999999997,1.3199999999999998,0.35999999999999976,4.4,13.6,64.8
2024-02-11,16:30,Premier League,Matchweek 24,Sun,Home,L,Manchester Utd,56.0,42185.0,John McGinn,4-2-3-1,Robert Jones,Match Report,16.7,1.0,2024,AstonVilla,0,ManchesterUnited,2.2,1.6,0.6,1.94,1.48,0.45999999999999985,5.4,14.0,62.0
2024-02-17,15:00,Premier League,Matchweek 25,Sat,Away,W,Fulham,48.0,24401.0,John McGinn,4-2-3-1,Lewis Smith,Match Report,16.8,1.0,2024,AstonVilla,1,Fulham,2.0,1.4,0.6,2.0799999999999996,1.6199999999999999,0.4599999999999998,6.6,16.6,62.4
2024-02-24,15:00,Premier League,Matchweek 26,Sat,Home,W,Nott'ham Forest,58.0,42131.0,John McGinn,4-2-3-1,Samuel Barrott,Match Report,14.3,2.0,2024,AstonVilla,1,NottinghamForest,1.8,1.2,0.6,1.7399999999999998,1.6799999999999997,0.05999999999999983,6.0,15.4,59.2
2024-03-02,17:30,Premier League,Matchweek 27,Sat,Away,W,Luton Town,54.0,11594.0,John McGinn,4-2-3-1,Michael Oliver,Match Report,12.5,0.0,2024,AstonVilla,1,LutonTown,2.6,1.6,1.0,2.2199999999999998,1.9799999999999998,0.23999999999999985,6.4,15.4,57.2
2024-03-10,13:00,Premier League,Matchweek 28,Sun,Home,L,Tottenham,32.0,42310.0,John McGinn,5-3-2,Chris Kavanagh,Match Report,14.1,0.0,2024,AstonVilla,0,TottenhamHotspur,3.0,1.4,1.6,2.3199999999999994,1.8199999999999998,0.49999999999999983,7.0,15.4,55.8
2024-03-17,14:00,Premier League,Matchweek 29,Sun,Away,D,West Ham,69.0,62461.0,Emiliano Martínez,4-4-2,Jarred Gillett,Match Report,20.6,0.0,2024,AstonVilla,0,WestHamUnited,2.0,2.2,-0.2,2.04,1.8399999999999999,0.19999999999999982,5.4,14.6,49.6
2024-03-30,17:30,Premier League,Matchweek 30,Sat,Home,W,Wolves,48.0,42640.0,Emiliano Martínez,4-4-2,Paul Tierney,Match Report,14.7,0.0,2024,AstonVilla,1,WolverhamptonWanderers,2.0,2.0,0.0,1.6999999999999997,1.8799999999999997,-0.18000000000000016,4.6,12.6,52.2
2024-04-03,20:15,Premier League,Matchweek 31,Wed,Away,L,Manchester City,33.0,53422.0,Douglas Luiz,4-2-3-1,Darren England,Match Report,12.4,0.0,2024,AstonVilla,0,ManchesterCity,2.0,1.8,0.2,1.5999999999999996,1.8799999999999997,-0.28000000000000014,5.0,12.4,52.2
2024-04-06,15:00,Premier League,Matchweek 32,Sat,Home,D,Brentford,69.0,42118.0,John McGinn,4-4-1-1,Michael Salisbury,Match Report,12.1,1.0,2024,AstonVilla,0,Brentford,1.4,2.2,-0.8,1.0399999999999998,2.04,-1.0,4.4,10.8,47.2
2024-04-14,16:30,Premier League,Matchweek 33,Sun,Away,W,Arsenal,48.0,60350.0,John McGinn,4-2-3-1,David Coote,Match Report,18.8,1.0,2024,AstonVilla,1,Arsenal,1.4,2.4,-1.0,0.9599999999999997,1.9799999999999998,-1.02,3.4,10.6,50.2
2024-04-21,15:00,Premier League,Matchweek 34,Sun,Home,W,Bournemouth,56.0,42189.0,John McGinn,4-2-3-1,Tim Robinson,Match Report,14.8,0.0,2024,AstonVilla,1,Bournemouth,1.8,1.6,0.2,0.9799999999999999,1.9999999999999996,-1.02,3.6,10.8,53.4
2024-04-27,20:00,Premier League,Matchweek 35,Sat,Home,D,Chelsea,29.0,42354.0,John McGinn,4-4-1-1,Craig Pawson,Match Report,15.0,0.0,2024,AstonVilla,0,Chelsea,2.2,1.6,0.6,1.3199999999999998,1.9599999999999997,-0.64,3.6,11.2,50.8
2024-05-05,14:00,Premier League,Matchweek 36,Sun,Away,L,Brighton,48.0,31596.0,John McGinn,4-2-3-1,Robert Jones,Match Report,23.2,0.0,2024,AstonVilla,0,BrightonandHoveAlbion,2.2,2.0,0.2,1.3399999999999999,1.98,-0.64,3.4,10.8,47.0
2024-05-13,20:00,Premier League,Matchweek 37,Mon,Home,D,Liverpool,41.0,42241.0,John McGinn,4-2-3-1,Simon Hooper,Match Report,15.2,0.0,2024,AstonVilla,0,Liverpool,2.0,1.4,0.6,1.1999999999999997,1.8,-0.6000000000000001,3.0,9.6,50.0
2024-05-19,16:00,Premier League,Matchweek 38,Sun,Away,L,Crystal Palace,46.0,25191.0,John McGinn,4-4-2,Darren Bond,Match Report,13.8,0.0,2024,AstonVilla,0,CrystalPalace,2.0,1.4,0.6,1.52,1.8399999999999999,-0.32000000000000006,3.4,11.2,44.4
2023-08-13,14:00,Premier League,Matchweek 1,Sun,Away,D,Brentford,69.0,17066.0,Son Heung-min,4-2-3-1,Robert Jones,Match Report,19.6,0.0,2024,TottenhamHotspur,0,Brentford,,,,,,,,,
2023-08-19,17:30,Premier League,Matchweek 2,Sat,Home,W,Manchester Utd,55.0,61910.0,Son Heung-min,4-2-3-1,Michael Oliver,Match Report,13.8,0.0,2024,TottenhamHotspur,1,ManchesterUnited,,,,,,,,,
2023-08-26,12:30,Premier League,Matchweek 3,Sat,Away,W,Bournemouth,56.0,10567.0,Son Heung-min,4-2-3-1,Tim Robinson,Match Report,16.6,1.0,2024,TottenhamHotspur,1,Bournemouth,,,,,,,,,
2023-09-02,15:00,Premier League,Matchweek 4,Sat,Away,W,Burnley,53.0,21750.0,Son Heung-min,4-2-3-1,Darren England,Match Report,19.3,0.0,2024,TottenhamHotspur,1,Burnley,,,,,,,,,
2023-09-16,15:00,Premier League,Matchweek 5,Sat,Home,W,Sheffield Utd,70.0,61706.0,Son Heung-min,4-2-3-1,Peter Bankes,Match Report,16.4,0.0,2024,TottenhamHotspur,1,SheffieldUnited,,,,,,,,,
2023-09-24,14:00,Premier League,Matchweek 6,Sun,Away,D,Arsenal,53.0,60156.0,Son Heung-min,4-2-3-1,Robert Jones,Match Report,16.0,0.0,2024,TottenhamHotspur,0,Arsenal,2.6,1.0,1.6,1.8800000000000001,1.4,0.4800000000000001,7.8,20.2,60.6
2023-09-30,17:30,Premier League,Matchweek 7,Sat,Home,W,Liverpool,64.0,62001.0,Son Heung-min,4-2-3-1,Simon Hooper,Match Report,19.8,0.0,2024,TottenhamHotspur,1,Liverpool,2.6,1.0,1.6,1.9,1.3199999999999998,0.5800000000000001,7.6,19.2,57.4
2023-10-07,12:30,Premier League,Matchweek 8,Sat,Away,W,Luton Town,66.0,10290.0,Son Heung-min,4-2-3-1,John Brooks,Match Report,16.9,1.0,2024,TottenhamHotspur,1,LutonTown,2.6,1.2,1.4,2.0,1.1600000000000001,0.8400000000000001,8.0,20.6,59.2
2023-10-23,20:00,Premier League,Matchweek 9,Mon,Home,W,Fulham,55.0,61286.0,Son Heung-min,4-2-3-1,Anthony Taylor,Match Report,17.2,0.0,2024,TottenhamHotspur,1,Fulham,2.4,1.2,1.2,1.9600000000000002,1.1800000000000002,0.78,7.6,20.2,61.2
2023-10-27,20:00,Premier League,Matchweek 10,Fri,Away,W,Crystal Palace,75.0,25074.0,Son Heung-min,4-2-3-1,Andy Madley,Match Report,19.5,1.0,2024,TottenhamHotspur,1,CrystalPalace,1.8,0.8,1.0,1.8199999999999998,1.1199999999999999,0.7,6.4,19.0,61.6
2023-11-06,20:00,Premier League,Matchweek 11,Mon,Home,L,Chelsea,40.0,61726.0,Son Heung-min,4-2-3-1,Michael Oliver,Match Report,23.5,1.0,2024,TottenhamHotspur,0,Chelsea,1.8,0.8,1.0,1.6199999999999999,1.1,0.5199999999999999,4.6,15.4,62.6
2023-11-11,12:30,Premier League,Matchweek 12,Sat,Away,L,Wolves,58.0,31642.0,Son Heung-min,4-3-3,Tim Robinson,Match Report,17.5,0.0,2024,TottenhamHotspur,0,WolverhamptonWanderers,1.6,1.2,0.4,1.52,1.5599999999999998,-0.039999999999999945,4.6,14.4,60.0
2023-11-26,14:00,Premier League,Matchweek 13,Sun,Home,L,Aston Villa,62.0,61679.0,Son Heung-min,4-2-3-1,Robert Jones,Match Report,14.0,0.0,2024,TottenhamHotspur,0,AstonVilla,1.4,1.4,0.0,1.2200000000000002,1.72,-0.5,3.4,10.8,58.8
2023-12-03,16:30,Premier League,Matchweek 14,Sun,Away,D,Manchester City,45.0,53473.0,Son Heung-min,4-2-3-1,Simon Hooper,Match Report,20.7,0.0,2024,TottenhamHotspur,0,ManchesterCity,1.4,1.8,-0.4,1.3,1.8999999999999997,-0.6,4.0,11.4,58.0
2023-12-07,20:15,Premier League,Matchweek 15,Thu,Home,L,West Ham,74.0,61171.0,Son Heung-min,4-2-3-1,Michael Salisbury,Match Report,17.1,1.0,2024,TottenhamHotspur,0,WestHamUnited,1.6,2.4,-0.8,1.1,2.2199999999999998,-1.1199999999999999,3.8,10.0,56.0
2023-12-10,16:30,Premier League,Matchweek 16,Sun,Home,W,Newcastle Utd,56.0,61171.0,Son Heung-min,4-2-3-1,Chris Kavanagh,Match Report,15.5,0.0,2024,TottenhamHotspur,1,NewcastleUnited,1.4,2.6,-1.2,1.24,2.54,-1.3,4.8,12.6,55.8
2023-12-15,20:00,Premier League,Matchweek 17,Fri,Away,W,Nott'ham Forest,66.0,29296.0,Son Heung-min,4-2-3-1,Jarred Gillett,Match Report,12.5,0.0,2024,TottenhamHotspur,1,NottinghamForest,2.0,2.0,0.0,1.8199999999999998,2.0599999999999996,-0.2400000000000002,5.8,15.4,59.0
2023-12-23,15:00,Premier League,Matchweek 18,Sat,Home,W,Everton,61.0,61808.0,Son Heung-min,4-2-3-1,Stuart Attwell,Match Report,15.1,0.0,2024,TottenhamHotspur,1,Everton,2.2,1.6,0.6,1.98,1.9,0.07999999999999981,6.6,16.6,60.6
2023-12-28,19:30,Premier League,Matchweek 19,Thu,Away,L,Brighton,55.0,31675.0,Son Heung-min,4-2-3-1,Jarred Gillett,Match Report,15.2,1.0,2024,TottenhamHotspur,0,BrightonandHoveAlbion,2.4,1.4,1.0,1.8199999999999998,1.92,-0.10000000000000017,6.4,15.6,60.4
2023-12-31,14:00,Premier League,Matchweek 20,Sun,Home,W,Bournemouth,50.0,61780.0,Son Heung-min,4-3-3,Simon Hooper,Match Report,14.7,0.0,2024,TottenhamHotspur,1,Bournemouth,2.2,1.6,0.6,2.1799999999999997,2.04,0.13999999999999976,6.2,17.8,62.4
2024-01-14,16:30,Premier League,Matchweek 21,Sun,Away,D,Manchester Utd,63.0,73489.0,Cristian Romero,4-3-3,John Brooks,Match Report,14.4,0.0,2024,TottenhamHotspur,0,ManchesterUnited,2.6,1.4,1.2,2.28,1.94,0.33999999999999975,6.2,15.6,57.6
2024-01-31,19:30,Premier League,Matchweek 22,Wed,Home,W,Brentford,67.0,61210.0,Cristian Romero,4-2-3-1,David Coote,Match Report,14.3,0.0,2024,TottenhamHotspur,1,Brentford,2.2,1.6,0.6,1.7599999999999998,1.7599999999999998,-1.7763568394002506e-16,5.2,14.4,59.0
2024-02-03,12:30,Premier League,Matchweek 23,Sat,Away,D,Everton,57.0,39321.0,Cristian Romero,4-2-3-1,Michael Oliver,Match Report,17.8,0.0,2024,TottenhamHotspur,0,Everton,2.4,2.0,0.4,2.04,1.8199999999999998,0.2199999999999998,5.0,15.8,59.2
2024-02-10,15:00,Premier League,Matchweek 24,Sat,Home,W,Brighton,52.0,61445.0,Cristian Romero,4-2-3-1,Samuel Barrott,Match Report,17.1,1.0,2024,TottenhamHotspur,1,BrightonandHoveAlbion,2.4,2.2,0.2,1.94,1.9799999999999998,-0.040000000000000216,5.0,15.0,58.4
2024-02-17,15:00,Premier League,Matchweek 25,Sat,Home,L,Wolves,71.0,61532.0,Son Heung-min,4-2-3-1,Anthony Taylor,Match Report,14.3,0.0,2024,TottenhamHotspur,0,WolverhamptonWanderers,2.4,1.6,0.8,1.8,1.5799999999999998,0.2199999999999999,5.6,14.4,57.8
2024-03-02,15:00,Premier League,Matchweek 27,Sat,Home,W,Crystal Palace,78.0,61339.0,Son Heung-min,4-2-3-1,John Brooks,Match Report,13.5,0.0,2024,TottenhamHotspur,1,CrystalPalace,2.0,1.8,0.2,1.6600000000000001,1.5999999999999999,0.05999999999999992,5.2,15.0,62.0
2024-03-10,13:00,Premier League,Matchweek 28,Sun,Away,W,Aston Villa,68.0,42310.0,Son Heung-min,4-2-3-1,Chris Kavanagh,Match Report,14.9,0.0,2024,TottenhamHotspur,1,AstonVilla,2.2,1.6,0.6,1.8,1.4999999999999998,0.29999999999999993,5.4,14.6,65.0
2024-03-16,17:30,Premier League,Matchweek 29,Sat,Away,L,Fulham,57.0,24410.0,Son Heung-min,4-2-3-1,Robert Jones,Match Report,14.0,0.0,2024,TottenhamHotspur,0,Fulham,2.4,1.2,1.2,1.52,1.3399999999999999,0.17999999999999994,5.4,12.6,65.2
2024-03-30,15:00,Premier League,Matchweek 30,Sat,Home,W,Luton Town,70.0,61534.0,Son Heung-min,4-2-3-1,Jarred Gillett,Match Report,14.5,1.0,2024,TottenhamHotspur,1,LutonTown,2.0,1.4,0.6,1.8,1.3399999999999999,0.45999999999999996,5.2,13.6,65.2
2024-04-02,20:15,Premier League,Matchweek 31,Tue,Away,D,West Ham,67.0,62469.0,Son Heung-min,4-2-3-1,John Brooks,Match Report,17.4,0.0,2024,TottenhamHotspur,0,WestHamUnited,2.0,1.4,0.6,2.06,1.1999999999999997,0.8599999999999998,4.4,13.8,68.8
2024-04-07,18:00,Premier League,Matchweek 32,Sun,Home,W,Nott'ham Forest,63.0,61098.0,Son Heung-min,4-2-3-1,Simon Hooper,Match Report,20.2,1.0,2024,TottenhamHotspur,1,NottinghamForest,2.0,1.2,0.8,1.94,1.14,0.7999999999999999,4.4,13.4,68.0
2024-04-13,12:30,Premier League,Matchweek 33,Sat,Away,L,Newcastle Utd,72.0,52147.0,Son Heung-min,4-2-3-1,Tim Robinson,Match Report,19.0,0.0,2024,TottenhamHotspur,0,NewcastleUnited,2.0,1.2,0.8,1.86,1.38,0.47999999999999987,4.6,14.0,65.0
2024-04-28,14:00,Premier League,Matchweek 35,Sun,Home,L,Arsenal,62.0,61554.0,Son Heung-min,4-2-3-1,Michael Oliver,Match Report,16.8,0.0,2024,TottenhamHotspur,0,Arsenal,1.2,2.0,-0.8,1.72,1.7799999999999998,-0.06000000000000005,4.0,14.4,65.8
2024-05-02,19:30,Premier League,Matchweek 26,Thu,Away,L,Chelsea,63.0,39086.0,Son Heung-min,4-2-3-1,Robert Jones,Match Report,16.9,0.0,2024,TottenhamHotspur,0,Chelsea,1.6,2.0,-0.4,1.7,1.4599999999999997,0.23999999999999994,3.2,14.4,66.8
2024-05-05,16:30,Premier League,Matchweek 36,Sun,Away,L,Liverpool,56.0,60075.0,Son Heung-min,4-3-3,Paul Tierney,Match Report,21.6,1.0,2024,TottenhamHotspur,0,Liverpool,1.2,2.2,-1.0,1.44,1.8,-0.36000000000000004,3.4,14.8,65.4
2024-05-11,15:00,Premier League,Matchweek 37,Sat,Home,W,Burnley,63.0,61148.0,Son Heung-min,4-3-3,Jarred Gillett,Match Report,16.0,0.0,2024,TottenhamHotspur,1,Burnley,1.4,2.8,-1.4,1.48,2.1599999999999997,-0.6799999999999999,3.8,14.4,63.2
2024-05-14,20:00,Premier League,Matchweek 34,Tue,Home,L,Manchester City,53.0,61065.0,Son Heung-min,4-3-1-2,Chris Kavanagh,Match Report,15.0,0.0,2024,TottenhamHotspur,0,ManchesterCity,1.2,2.8,-1.6,1.7200000000000002,1.9999999999999996,-0.27999999999999997,4.2,15.2,63.2
2024-05-19,16:00,Premier League,Matchweek 38,Sun,Away,W,Sheffield Utd,75.0,29116.0,Son Heung-min,4-2-3-1,Andy Madley,Match Report,14.4,1.0,2024,TottenhamHotspur,1,SheffieldUnited,1.2,2.4,-1.2,1.9,1.9199999999999995,-0.020000000000000018,4.8,15.0,59.4
2023-08-13,16:30,Premier League,Matchweek 1,Sun,Home,D,Liverpool,65.0,40096.0,Reece James,3-4-3,Anthony Taylor,Match Report,13.2,1.0,2024,Chelsea,0,Liverpool,,,,,,,,,
2023-08-20,16:30,Premier League,Matchweek 2,Sun,Away,L,West Ham,75.0,62451.0,Ben Chilwell,3-4-3,John Brooks,Match Report,17.1,0.0,2024,Chelsea,0,WestHamUnited,,,,,,,,,
2023-08-25,20:00,Premier League,Matchweek 3,Fri,Home,W,Luton Town,67.0,39893.0,Ben Chilwell,3-4-3,Robert Jones,Match Report,14.2,1.0,2024,Chelsea,1,LutonTown,,,,,,,,,
2023-09-02,15:00,Premier League,Matchweek 4,Sat,Home,L,Nott'ham Forest,75.0,39820.0,Ben Chilwell,3-4-3,Tim Robinson,Match Report,17.7,2.0,2024,Chelsea,0,NottinghamForest,,,,,,,,,
2023-09-17,14:00,Premier League,Matchweek 5,Sun,Away,D,Bournemouth,64.0,10421.0,Conor Gallagher,4-2-3-1,David Coote,Match Report,15.0,1.0,2024,Chelsea,0,Bournemouth,,,,,,,,,
2023-09-24,14:00,Premier League,Matchweek 6,Sun,Home,L,Aston Villa,53.0,39700.0,Conor Gallagher,4-2-3-1,Jarred Gillett,Match Report,17.8,0.0,2024,Chelsea,0,AstonVilla,1.0,1.0,0.0,2.04,1.06,0.9800000000000001,4.6,16.0,69.2
2023-10-02,20:00,Premier League,Matchweek 7,Mon,Away,W,Fulham,44.0,24445.0,Conor Gallagher,4-3-3,Tim Robinson,Match Report,19.8,1.0,2024,Chelsea,1,Fulham,0.8,1.0,-0.2,2.02,1.0,1.02,4.6,16.0,66.8
2023-10-07,15:00,Premier League,Matchweek 8,Sat,Away,W,Burnley,62.0,21654.0,Conor Gallagher,4-3-3,Stuart Attwell,Match Report,18.1,0.0,2024,Chelsea,1,Burnley,1.0,0.4,0.6,1.8599999999999999,0.8600000000000001,1.0,4.8,15.0,60.6
2023-10-21,17:30,Premier League,Matchweek 9,Sat,Home,D,Arsenal,44.0,39723.0,Conor Gallagher,4-2-3-1,Chris Kavanagh,Match Report,20.4,0.0,2024,Chelsea,0,Arsenal,1.2,0.6,0.6,1.8,0.9200000000000002,0.8799999999999999,4.0,12.8,59.6
2023-10-28,12:30,Premier League,Matchweek 10,Sat,Home,L,Brentford,68.0,39575.0,Conor Gallagher,4-2-3-1,Simon Hooper,Match Report,16.1,1.0,2024,Chelsea,0,Brentford,1.6,0.8,0.8,1.6,0.96,0.6399999999999999,4.4,10.6,53.4
2023-11-06,20:00,Premier League,Matchweek 11,Mon,Away,W,Tottenham,60.0,61726.0,Reece James,4-2-3-1,Michael Oliver,Match Report,16.8,0.0,2024,Chelsea,1,TottenhamHotspur,1.6,1.2,0.4,1.6199999999999999,1.2,0.41999999999999993,3.6,11.2,54.2
2023-11-12,16:30,Premier League,Matchweek 12,Sun,Home,D,Manchester City,45.0,39532.0,Reece James,4-2-3-1,Anthony Taylor,Match Report,19.1,1.0,2024,Chelsea,0,ManchesterCity,2.4,1.2,1.2,2.1799999999999997,1.1800000000000002,0.9999999999999998,4.0,12.4,55.6
2023-11-25,15:00,Premier League,Matchweek 13,Sat,Away,L,Newcastle Utd,46.0,52227.0,Reece James,4-2-3-1,Simon Hooper,Match Report,18.4,2.0,2024,Chelsea,0,NewcastleUnited,2.8,2.0,0.8,2.42,1.54,0.8800000000000001,4.8,13.4,55.8
2023-12-03,14:00,Premier League,Matchweek 14,Sun,Home,W,Brighton,32.0,39647.0,Conor Gallagher,4-2-3-1,Craig Pawson,Match Report,19.6,0.0,2024,Chelsea,1,BrightonandHoveAlbion,2.2,2.6,-0.4,2.1399999999999997,1.8800000000000001,0.25999999999999995,4.8,13.2,52.6
2023-12-06,20:15,Premier League,Matchweek 15,Wed,Away,L,Manchester Utd,55.0,73607.0,Levi Colwill,4-2-3-1,Chris Kavanagh,Match Report,15.0,0.0,2024,Chelsea,0,ManchesterUnited,2.4,2.6,-0.2,2.3,1.9,0.39999999999999997,4.6,12.6,50.2
2023-12-10,14:00,Premier League,Matchweek 16,Sun,Away,L,Everton,71.0,39280.0,Reece James,4-2-3-1,Michael Oliver,Match Report,18.5,1.0,2024,Chelsea,0,Everton,2.6,2.6,0.0,2.22,2.28,-0.05999999999999996,4.8,11.8,47.6
2023-12-16,15:00,Premier League,Matchweek 17,Sat,Home,W,Sheffield Utd,78.0,39599.0,Conor Gallagher,4-2-3-1,Andy Madley,Match Report,17.2,1.0,2024,Chelsea,1,SheffieldUnited,1.8,2.8,-1.0,1.58,2.34,-0.7599999999999998,4.4,11.8,49.8
2023-12-24,13:00,Premier League,Matchweek 18,Sun,Away,L,Wolves,68.0,31641.0,Conor Gallagher,4-2-3-1,David Coote,Match Report,17.4,1.0,2024,Chelsea,0,WolverhamptonWanderers,1.4,2.0,-0.6,1.6199999999999999,1.8400000000000003,-0.21999999999999975,4.0,11.6,56.4
2023-12-27,19:30,Premier League,Matchweek 19,Wed,Home,W,Crystal Palace,63.0,39618.0,Conor Gallagher,4-2-3-1,Michael Salisbury,Match Report,15.3,0.0,2024,Chelsea,1,CrystalPalace,1.4,1.6,-0.2,1.92,1.6199999999999999,0.3000000000000002,4.0,13.4,60.8
2023-12-30,12:30,Premier League,Matchweek 20,Sat,Away,W,Luton Town,48.0,11041.0,Conor Gallagher,4-2-3-1,Paul Tierney,Match Report,17.5,0.0,2024,Chelsea,1,LutonTown,1.2,1.4,-0.2,2.02,1.6199999999999999,0.4000000000000002,3.8,13.6,67.0
2024-01-13,12:30,Premier League,Matchweek 21,Sat,Home,W,Fulham,55.0,39643.0,Conor Gallagher,4-2-3-1,Anthony Taylor,Match Report,17.5,0.0,2024,Chelsea,1,Fulham,1.6,1.4,0.2,2.02,1.26,0.7600000000000001,4.8,13.4,65.6
2024-01-31,20:15,Premier League,Matchweek 22,Wed,Away,L,Liverpool,50.0,57524.0,Ben Chilwell,4-2-3-1,Paul Tierney,Match Report,18.8,0.0,2024,Chelsea,0,Liverpool,1.8,1.0,0.8,2.2800000000000002,1.18,1.1,4.4,13.4,62.4
2024-02-04,14:00,Premier League,Matchweek 23,Sun,Home,L,Wolves,64.0,39628.0,Ben Chilwell,4-2-3-1,Tim Robinson,Match Report,14.5,0.0,2024,Chelsea,0,WolverhamptonWanderers,1.6,1.8,-0.2,1.78,1.6800000000000002,0.10000000000000017,3.8,11.2,56.8
2024-02-12,20:00,Premier League,Matchweek 24,Mon,Away,W,Crystal Palace,77.0,25110.0,Ben Chilwell,4-2-3-1,Michael Oliver,Match Report,15.3,0.0,2024,Chelsea,1,CrystalPalace,1.8,2.2,-0.4,1.72,1.8199999999999998,-0.09999999999999983,3.8,11.0,56.0
2024-02-17,17:30,Premier League,Matchweek 25,Sat,Away,D,Manchester City,30.0,52178.0,Ben Chilwell,4-2-3-1,Andy Madley,Match Report,12.8,0.0,2024,Chelsea,0,ManchesterCity,2.0,2.2,-0.2,1.48,1.72,-0.23999999999999985,4.4,12.2,58.8
2024-03-02,15:00,Premier League,Matchweek 27,Sat,Away,D,Brentford,67.0,17140.0,Ben Chilwell,3-5-2,Jarred Gillett,Match Report,19.5,0.0,2024,Chelsea,0,Brentford,1.6,2.0,-0.4,1.4600000000000002,1.78,-0.31999999999999995,4.0,11.6,55.2
2024-03-11,20:00,Premier League,Matchweek 28,Mon,Home,W,Newcastle Utd,44.0,37753.0,Conor Gallagher,4-2-3-1,John Brooks,Match Report,19.7,0.0,2024,Chelsea,1,NewcastleUnited,1.8,2.4,-0.6,1.38,1.98,-0.6,4.6,11.8,57.6
2024-03-30,15:00,Premier League,Matchweek 30,Sat,Home,D,Burnley,69.0,39535.0,Conor Gallagher,4-2-3-1,Darren England,Match Report,17.8,0.0,2024,Chelsea,0,Burnley,2.2,2.0,0.2,1.5799999999999998,1.54,0.039999999999999994,5.4,13.4,56.4
2024-04-04,20:15,Premier League,Matchweek 31,Thu,Home,W,Manchester Utd,57.0,39694.0,Conor Gallagher,4-2-3-1,Jarred Gillett,Match Report,19.0,1.0,2024,Chelsea,1,ManchesterUnited,2.2,1.6,0.6,2.0799999999999996,1.4600000000000002,0.62,7.0,16.8,57.4
2024-04-07,17:30,Premier League,Matchweek 32,Sun,Away,D,Sheffield Utd,68.0,28638.0,Conor Gallagher,4-2-3-1,Robert Jones,Match Report,18.5,0.0,2024,Chelsea,0,SheffieldUnited,2.4,2.0,0.4,2.4,1.6400000000000001,0.76,7.6,19.2,53.4
2024-04-15,20:00,Premier League,Matchweek 33,Mon,Home,W,Everton,58.0,39392.0,Conor Gallagher,4-2-3-1,Paul Tierney,Match Report,18.8,0.0,2024,Chelsea,1,Everton,2.6,2.2,0.4,2.18,1.4,0.78,7.0,18.6,61.0
2024-04-23,20:00,Premier League,Matchweek 29,Tue,Away,L,Arsenal,55.0,60238.0,Conor Gallagher,4-2-3-1,Simon Hooper,Match Report,13.0,1.0,2024,Chelsea,0,Arsenal,3.4,1.8,1.6,2.44,1.34,1.1,7.8,17.8,59.2
2024-04-27,20:00,Premier League,Matchweek 35,Sat,Away,D,Aston Villa,71.0,42354.0,Conor Gallagher,4-2-3-1,Craig Pawson,Match Report,21.7,1.0,2024,Chelsea,0,AstonVilla,2.8,2.4,0.4,2.44,1.86,0.5800000000000001,6.6,16.8,61.4
2024-05-02,19:30,Premier League,Matchweek 26,Thu,Home,W,Tottenham,37.0,39086.0,Conor Gallagher,4-2-3-1,Robert Jones,Match Report,16.1,2.0,2024,Chelsea,1,TottenhamHotspur,2.8,2.4,0.4,1.92,1.7600000000000002,0.1600000000000002,5.2,14.6,61.8
2024-05-05,14:00,Premier League,Matchweek 36,Sun,Home,W,West Ham,69.0,39295.0,Conor Gallagher,4-2-3-1,Andy Madley,Match Report,15.7,1.0,2024,Chelsea,1,WestHamUnited,2.4,1.8,0.6,1.7600000000000002,1.78,-0.019999999999999796,4.4,12.6,57.8
2024-05-11,17:30,Premier League,Matchweek 37,Sat,Away,W,Nott'ham Forest,67.0,29708.0,Conor Gallagher,4-2-3-1,Tony Harrington,Match Report,12.0,1.0,2024,Chelsea,1,NottinghamForest,3.0,1.4,1.6,2.52,1.6800000000000002,0.8400000000000002,6.6,16.4,58.0
2024-05-15,19:45,Premier League,Matchweek 34,Wed,Away,W,Brighton,45.0,31555.0,Conor Gallagher,4-2-3-1,Michael Salisbury,Match Report,20.3,2.0,2024,Chelsea,1,BrightonandHoveAlbion,2.4,1.8,0.6,2.2199999999999998,1.6800000000000002,0.5400000000000001,5.8,16.2,59.8
2024-05-19,16:00,Premier League,Matchweek 38,Sun,Home,W,Bournemouth,61.0,39724.0,Conor Gallagher,4-2-3-1,Anthony Taylor,Match Report,18.2,0.0,2024,Chelsea,1,Bournemouth,2.8,1.0,1.8,2.2,1.28,0.9200000000000002,6.8,17.6,57.8
2023-08-12,17:30,Premier League,Matchweek 1,Sat,Home,W,Aston Villa,52.0,52207.0,Kieran Trippier,4-3-3,Andy Madley,Match Report,13.2,0.0,2024,NewcastleUnited,1,AstonVilla,,,,,,,,,
2023-08-19,20:00,Premier League,Matchweek 2,Sat,Away,L,Manchester City,41.0,53419.0,Kieran Trippier,4-3-3,Robert Jones,Match Report,20.3,0.0,2024,NewcastleUnited,0,ManchesterCity,,,,,,,,,
2023-08-27,16:30,Premier League,Matchweek 3,Sun,Home,L,Liverpool,59.0,52214.0,Kieran Trippier,4-3-3,John Brooks,Match Report,18.3,1.0,2024,NewcastleUnited,0,Liverpool,,,,,,,,,
2023-09-02,17:30,Premier League,Matchweek 4,Sat,Away,L,Brighton,44.0,31620.0,Kieran Trippier,4-3-3,Stuart Attwell,Match Report,14.6,0.0,2024,NewcastleUnited,0,BrightonandHoveAlbion,,,,,,,,,
2023-09-16,17:30,Premier League,Matchweek 5,Sat,Home,W,Brentford,56.0,51670.0,Kieran Trippier,4-3-3,Craig Pawson,Match Report,20.2,0.0,2024,NewcastleUnited,1,Brentford,,,,,,,,,
2023-09-24,16:30,Premier League,Matchweek 6,Sun,Away,W,Sheffield Utd,58.0,31127.0,Kieran Trippier,4-3-3,Stuart Attwell,Match Report,14.2,0.0,2024,NewcastleUnited,1,SheffieldUnited,1.6,1.4,0.2,1.64,1.1,0.5399999999999999,4.8,12.8,50.4
2023-09-30,15:00,Premier League,Matchweek 7,Sat,Home,W,Burnley,53.0,51687.0,Jamaal Lascelles,4-3-3,Thomas Bramall,Match Report,15.8,0.0,2024,NewcastleUnited,1,Burnley,2.2,1.2,1.0,1.7600000000000002,0.9200000000000002,0.8400000000000001,5.4,13.8,51.6
2023-10-08,14:00,Premier League,Matchweek 8,Sun,Away,D,West Ham,64.0,62473.0,Jamaal Lascelles,4-3-3,Peter Bankes,Match Report,12.1,0.0,2024,NewcastleUnited,0,WestHamUnited,2.6,1.0,1.6,2.32,0.8400000000000001,1.48,6.4,16.2,54.0
2023-10-21,15:00,Premier League,Matchweek 9,Sat,Home,W,Crystal Palace,59.0,52189.0,Jamaal Lascelles,4-3-3,Tim Robinson,Match Report,10.2,0.0,2024,NewcastleUnited,1,CrystalPalace,2.8,1.0,1.8,2.32,0.9,1.42,5.4,13.6,55.0
2023-10-28,17:30,Premier League,Matchweek 10,Sat,Away,D,Wolves,57.0,31584.0,Jamaal Lascelles,4-3-3,Anthony Taylor,Match Report,14.2,0.0,2024,NewcastleUnited,0,WolverhamptonWanderers,3.4,0.4,3.0,2.56,0.8800000000000001,1.6800000000000002,6.4,13.8,58.0
2023-11-04,17:30,Premier League,Matchweek 11,Sat,Home,W,Arsenal,42.0,52194.0,Jamaal Lascelles,4-3-3,Stuart Attwell,Match Report,18.6,0.0,2024,NewcastleUnited,1,Arsenal,3.6,0.8,2.8,2.7199999999999998,0.96,1.7600000000000002,6.8,14.6,58.2
2023-11-11,17:30,Premier League,Matchweek 12,Sat,Away,L,Bournemouth,52.0,11201.0,Jamaal Lascelles,4-3-3,Chris Kavanagh,Match Report,19.5,0.0,2024,NewcastleUnited,0,Bournemouth,2.2,0.8,1.4,2.1399999999999997,0.9,1.24,4.0,12.0,55.0
2023-11-25,15:00,Premier League,Matchweek 13,Sat,Home,W,Chelsea,54.0,52227.0,Jamaal Lascelles,4-3-3,Simon Hooper,Match Report,17.0,1.0,2024,NewcastleUnited,1,Chelsea,1.8,1.2,0.6,1.6199999999999999,1.26,0.36000000000000004,3.8,9.8,54.8
2023-12-02,20:00,Premier League,Matchweek 14,Sat,Home,W,Manchester Utd,58.0,52214.0,Jamaal Lascelles,4-3-3,Robert Jones,Match Report,16.4,1.0,2024,NewcastleUnited,1,ManchesterUnited,2.2,1.0,1.2,1.7,1.1199999999999999,0.5800000000000001,4.2,10.6,52.8
2023-12-07,19:30,Premier League,Matchweek 15,Thu,Away,L,Everton,62.0,38198.0,Jamaal Lascelles,4-3-3,Tim Robinson,Match Report,19.3,1.0,2024,NewcastleUnited,0,Everton,1.6,1.0,0.6,1.7,0.9800000000000001,0.72,3.6,13.0,52.6
2023-12-10,16:30,Premier League,Matchweek 16,Sun,Away,L,Tottenham,44.0,61171.0,Jamaal Lascelles,4-3-3,Chris Kavanagh,Match Report,14.4,0.0,2024,NewcastleUnited,0,TottenhamHotspur,1.2,1.2,0.0,1.56,1.46,0.1,3.6,13.2,53.6
2023-12-16,15:00,Premier League,Matchweek 17,Sat,Home,W,Fulham,70.0,52055.0,Jamaal Lascelles,4-3-3,Samuel Barrott,Match Report,14.4,0.0,2024,NewcastleUnited,1,Fulham,1.2,2.0,-0.8,1.7,2.1,-0.3999999999999999,4.0,13.2,54.0
2023-12-23,15:00,Premier League,Matchweek 18,Sat,Away,L,Luton Town,65.0,11042.0,Jamaal Lascelles,4-3-3,Darren England,Match Report,12.2,0.0,2024,NewcastleUnited,0,LutonTown,1.8,1.6,0.2,2.3,1.6800000000000002,0.6200000000000001,5.0,17.0,57.6
2023-12-26,12:30,Premier League,Matchweek 19,Tue,Home,L,Nott'ham Forest,62.0,52207.0,Kieran Trippier,4-3-3,Chris Kavanagh,Match Report,15.1,1.0,2024,NewcastleUnited,0,NottinghamForest,1.0,1.6,-0.6,2.1,1.8599999999999999,0.24000000000000013,4.4,17.2,59.8
2024-01-01,20:00,Premier League,Matchweek 20,Mon,Away,L,Liverpool,39.0,57471.0,Dan Burn,4-3-3,Anthony Taylor,Match Report,16.1,0.0,2024,NewcastleUnited,0,Liverpool,1.0,2.2,-1.2,2.1,2.46,-0.3599999999999999,4.6,16.4,60.6
2024-01-13,17:30,Premier League,Matchweek 21,Sat,Home,L,Manchester City,28.0,52190.0,Kieran Trippier,4-3-3,Chris Kavanagh,Match Report,14.7,0.0,2024,NewcastleUnited,0,ManchesterCity,1.4,2.4,-1.0,1.9200000000000004,3.2,-1.28,4.6,14.8,56.0
2024-01-30,20:15,Premier League,Matchweek 22,Tue,Away,W,Aston Villa,39.0,42191.0,Kieran Trippier,4-3-3,John Brooks,Match Report,11.9,0.0,2024,NewcastleUnited,1,AstonVilla,1.6,2.2,-0.6,1.8399999999999999,3.04,-1.2000000000000002,5.0,15.4,52.8
2024-02-03,15:00,Premier League,Matchweek 23,Sat,Home,D,Luton Town,55.0,52211.0,Kieran Trippier,4-3-3,Thomas Bramall,Match Report,16.3,0.0,2024,NewcastleUnited,0,LutonTown,1.6,2.4,-0.8,1.6600000000000001,3.2600000000000002,-1.6,4.0,12.8,46.6
2024-02-10,17:30,Premier League,Matchweek 24,Sat,Away,W,Nott'ham Forest,61.0,29451.0,Kieran Trippier,4-3-3,Anthony Taylor,Match Report,19.2,0.0,2024,NewcastleUnited,1,NottinghamForest,2.4,3.0,-0.6,1.8399999999999999,3.46,-1.6200000000000003,4.8,13.6,44.6
2024-02-17,15:00,Premier League,Matchweek 25,Sat,Home,D,Bournemouth,62.0,52224.0,Kieran Trippier,4-3-3,Michael Salisbury,Match Report,19.4,0.0,2024,NewcastleUnited,0,Bournemouth,2.8,2.8,0.0,1.46,3.06,-1.6000000000000003,4.8,11.4,44.4
2024-02-24,20:00,Premier League,Matchweek 26,Sat,Away,L,Arsenal,45.0,60298.0,Kieran Trippier,4-3-3,Paul Tierney,Match Report,14.5,0.0,2024,NewcastleUnited,0,Arsenal,2.8,2.4,0.4,1.78,2.1,-0.3200000000000002,5.0,13.6,49.0
2024-03-02,15:00,Premier League,Matchweek 27,Sat,Home,W,Wolves,44.0,52206.0,Kieran Trippier,4-3-3,Tim Robinson,Match Report,16.3,1.0,2024,NewcastleUnited,1,WolverhamptonWanderers,2.6,2.6,0.0,1.56,2.06,-0.5000000000000001,4.4,11.8,52.4
2024-03-11,20:00,Premier League,Matchweek 28,Mon,Away,L,Chelsea,56.0,37753.0,Dan Burn,4-3-3,John Brooks,Match Report,16.0,0.0,2024,NewcastleUnited,0,Chelsea,2.6,2.4,0.2,1.4600000000000002,1.94,-0.4800000000000001,4.6,11.8,53.4
2024-03-30,12:30,Premier League,Matchweek 30,Sat,Home,W,West Ham,60.0,52199.0,Jamaal Lascelles,4-3-3,Robert Jones,Match Report,17.6,0.0,2024,NewcastleUnited,1,WestHamUnited,2.2,2.2,0.0,1.1400000000000001,1.78,-0.6400000000000001,4.0,10.2,53.6
2024-04-02,19:30,Premier League,Matchweek 31,Tue,Home,D,Everton,57.0,52135.0,Dan Burn,4-3-3,Tony Harrington,Match Report,15.7,0.0,2024,NewcastleUnited,0,Everton,2.4,2.4,0.0,1.86,1.7600000000000002,0.09999999999999983,4.4,13.2,53.4
2024-04-06,15:00,Premier League,Matchweek 32,Sat,Away,W,Fulham,34.0,24418.0,Dan Burn,4-3-3,Samuel Allison,Match Report,16.8,0.0,2024,NewcastleUnited,1,Fulham,2.2,2.2,0.0,1.9,1.6,0.2999999999999998,4.6,13.6,52.4
2024-04-13,12:30,Premier League,Matchweek 33,Sat,Home,W,Tottenham,28.0,52147.0,Dan Burn,4-3-3,Tim Robinson,Match Report,11.1,0.0,2024,NewcastleUnited,1,TottenhamHotspur,2.2,1.4,0.8,2.06,1.28,0.7799999999999997,5.2,15.4,50.2
2024-04-24,20:00,Premier League,Matchweek 29,Wed,Away,L,Crystal Palace,53.0,25002.0,Dan Burn,3-4-3,Thomas Bramall,Match Report,14.2,0.0,2024,NewcastleUnited,0,CrystalPalace,2.4,1.4,1.0,2.1999999999999997,1.28,0.9199999999999997,5.0,16.2,47.0
2024-04-27,15:00,Premier League,Matchweek 35,Sat,Home,W,Sheffield Utd,60.0,52196.0,Dan Burn,4-3-3,Tony Harrington,Match Report,16.0,0.0,2024,NewcastleUnited,1,SheffieldUnited,2.0,1.2,0.8,2.1399999999999997,1.14,0.9999999999999997,4.8,15.4,46.4
2024-05-04,15:00,Premier League,Matchweek 36,Sat,Away,W,Burnley,53.0,21781.0,Dan Burn,4-4-2,Anthony Taylor,Match Report,17.6,1.0,2024,NewcastleUnited,1,Burnley,2.2,0.8,1.4,1.94,1.1600000000000001,0.7799999999999998,4.6,14.8,46.4
2024-05-11,15:00,Premier League,Matchweek 37,Sat,Home,D,Brighton,57.0,51997.0,Dan Burn,4-3-3,Darren England,Match Report,15.8,0.0,2024,NewcastleUnited,0,BrightonandHoveAlbion,2.8,0.8,2.0,2.1399999999999997,1.08,1.0599999999999998,5.6,15.6,45.6
2024-05-15,20:00,Premier League,Matchweek 34,Wed,Away,L,Manchester Utd,55.0,73582.0,Kieran Trippier,4-3-3,Robert Jones,Match Report,14.6,0.0,2024,NewcastleUnited,0,ManchesterUnited,2.8,1.0,1.8,2.38,1.12,1.2599999999999998,6.0,16.8,50.2
2024-05-19,16:00,Premier League,Matchweek 38,Sun,Away,W,Brentford,46.0,17124.0,Dan Burn,4-3-3,Simon Hooper,Match Report,15.4,2.0,2024,NewcastleUnited,1,Brentford,2.4,1.6,0.8,2.2600000000000002,1.26,1.0,6.4,17.4,55.6
2023-08-14,20:00,Premier League,Matchweek 1,Mon,Home,W,Wolves,51.0,73358.0,Bruno Fernandes,4-1-4-1,Simon Hooper,Match Report,14.7,0.0,2024,ManchesterUnited,1,WolverhamptonWanderers,,,,,,,,,
2023-08-19,17:30,Premier League,Matchweek 2,Sat,Away,L,Tottenham,45.0,61910.0,Bruno Fernandes,4-2-3-1,Michael Oliver,Match Report,15.6,1.0,2024,ManchesterUnited,0,TottenhamHotspur,,,,,,,,,
2023-08-26,15:00,Premier League,Matchweek 3,Sat,Home,W,Nott'ham Forest,66.0,73595.0,Bruno Fernandes,4-2-3-1,Stuart Attwell,Match Report,20.3,0.0,2024,ManchesterUnited,1,NottinghamForest,,,,,,,,,
2023-09-03,16:30,Premier League,Matchweek 4,Sun,Away,L,Arsenal,45.0,60192.0,Bruno Fernandes,4-2-3-1,Anthony Taylor,Match Report,16.5,0.0,2024,ManchesterUnited,0,Arsenal,,,,,,,,,
2023-09-16,15:00,Premier League,Matchweek 5,Sat,Home,L,Brighton,44.0,73592.0,Bruno Fernandes,4-1-2-1-2◆,Jarred Gillett,Match Report,18.6,1.0,2024,ManchesterUnited,0,BrightonandHoveAlbion,,,,,,,,,
2023-09-23,20:00,Premier League,Matchweek 6,Sat,Away,W,Burnley,39.0,21593.0,Bruno Fernandes,4-2-3-1,Tony Harrington,Match Report,15.0,0.0,2024,ManchesterUnited,1,Burnley,1.2,2.0,-0.8,1.8,1.8199999999999998,-0.019999999999999973,4.4,15.6,50.2
2023-09-30,15:00,Premier League,Matchweek 7,Sat,Home,L,Crystal Palace,77.0,73428.0,Bruno Fernandes,4-2-3-1,Chris Kavanagh,Match Report,15.5,0.0,2024,ManchesterUnited,0,CrystalPalace,1.2,2.0,-0.8,1.56,1.6,-0.039999999999999994,4.8,14.8,47.8
2023-10-07,15:00,Premier League,Matchweek 8,Sat,Home,W,Brentford,64.0,73453.0,Bruno Fernandes,4-2-3-1,Andy Madley,Match Report,18.3,1.0,2024,ManchesterUnited,1,Brentford,1.2,1.8,-0.6,1.4,1.44,-0.040000000000000015,4.2,14.2,54.2
2023-10-21,20:00,Premier League,Matchweek 9,Sat,Away,W,Sheffield Utd,62.0,31543.0,Bruno Fernandes,4-2-3-1,Michael Oliver,Match Report,20.6,1.0,2024,ManchesterUnited,1,SheffieldUnited,1.0,1.6,-0.6,1.1199999999999999,1.3800000000000001,-0.25999999999999995,4.2,15.0,53.8
2023-10-29,15:30,Premier League,Matchweek 10,Sun,Home,L,Manchester City,40.0,73502.0,Bruno Fernandes,4-2-3-1,Paul Tierney,Match Report,15.2,0.0,2024,ManchesterUnited,0,ManchesterCity,1.2,1.2,0.0,1.16,1.2,-0.040000000000000015,4.8,15.8,57.2
2023-11-04,12:30,Premier League,Matchweek 11,Sat,Away,W,Fulham,55.0,24415.0,Bruno Fernandes,4-2-3-1,John Brooks,Match Report,18.3,1.0,2024,ManchesterUnited,1,Fulham,1.0,1.2,-0.2,1.1400000000000001,1.6600000000000001,-0.52,4.6,14.4,56.4
2023-11-11,15:00,Premier League,Matchweek 12,Sat,Home,W,Luton Town,64.0,73599.0,Bruno Fernandes,4-2-3-1,Graham Scott,Match Report,14.0,1.0,2024,ManchesterUnited,1,LutonTown,1.0,1.2,-0.2,1.08,1.64,-0.5599999999999999,4.8,14.6,59.6
2023-11-26,16:30,Premier League,Matchweek 13,Sun,Away,W,Everton,49.0,39257.0,Bruno Fernandes,4-2-3-1,John Brooks,Match Report,17.4,0.0,2024,ManchesterUnited,1,Everton,1.2,1.0,0.2,1.2600000000000002,1.54,-0.2799999999999999,5.0,13.8,57.0
2023-12-02,20:00,Premier League,Matchweek 14,Sat,Away,L,Newcastle Utd,42.0,52214.0,Bruno Fernandes,4-2-3-1,Robert Jones,Match Report,18.2,0.0,2024,ManchesterUnited,0,NewcastleUnited,1.4,0.8,0.6,1.42,1.8399999999999999,-0.41999999999999993,4.0,11.2,54.0
2023-12-06,20:15,Premier League,Matchweek 15,Wed,Home,W,Chelsea,45.0,73607.0,Bruno Fernandes,4-2-3-1,Chris Kavanagh,Match Report,15.4,1.0,2024,ManchesterUnited,1,Chelsea,1.0,0.8,0.2,1.3,2.04,-0.7399999999999999,3.2,10.0,50.0
2023-12-09,15:00,Premier League,Matchweek 16,Sat,Home,L,Bournemouth,68.0,73427.0,Bruno Fernandes,4-2-3-1,Peter Bankes,Match Report,15.4,0.0,2024,ManchesterUnited,0,Bournemouth,1.4,0.4,1.0,1.94,1.5399999999999998,0.4000000000000001,4.2,14.0,51.0
2023-12-17,16:30,Premier League,Matchweek 17,Sun,Away,D,Liverpool,32.0,57158.0,Scott McTominay,4-2-3-1,Michael Oliver,Match Report,16.3,0.0,2024,ManchesterUnited,0,Liverpool,1.2,1.0,0.2,2.02,1.64,0.38000000000000017,3.8,15.6,53.6
2023-12-23,12:30,Premier League,Matchweek 18,Sat,Away,L,West Ham,65.0,64472.0,Bruno Fernandes,4-2-3-1,Simon Hooper,Match Report,18.1,0.0,2024,ManchesterUnited,0,WestHamUnited,1.0,1.0,0.0,1.7399999999999998,2.02,-0.2799999999999999,3.2,13.8,47.2
2023-12-26,20:00,Premier League,Matchweek 19,Tue,Home,W,Aston Villa,46.0,73574.0,Bruno Fernandes,4-2-3-1,Craig Pawson,Match Report,18.0,1.0,2024,ManchesterUnited,1,AstonVilla,0.4,1.4,-1.0,1.5,1.7799999999999998,-0.2799999999999999,3.2,14.4,50.4
2023-12-30,17:30,Premier League,Matchweek 20,Sat,Away,L,Nott'ham Forest,56.0,29529.0,Bruno Fernandes,4-2-3-1,Tim Robinson,Match Report,17.5,0.0,2024,ManchesterUnited,0,NottinghamForest,1.0,1.6,-0.6,1.6199999999999999,1.64,-0.019999999999999928,4.4,15.4,51.2
2024-01-14,16:30,Premier League,Matchweek 21,Sun,Home,D,Tottenham,37.0,73489.0,Bruno Fernandes,4-2-3-1,John Brooks,Match Report,14.5,1.0,2024,ManchesterUnited,0,TottenhamHotspur,0.8,1.8,-1.0,0.9600000000000002,1.48,-0.5199999999999998,3.8,12.0,53.4
2024-02-01,20:15,Premier League,Matchweek 22,Thu,Away,W,Wolves,47.0,31641.0,Bruno Fernandes,4-2-3-1,Jarred Gillett,Match Report,18.2,2.0,2024,ManchesterUnited,1,WolverhamptonWanderers,1.2,1.6,-0.4,0.9,1.42,-0.5199999999999998,3.6,9.8,47.2
2024-02-04,14:00,Premier League,Matchweek 23,Sun,Home,W,West Ham,51.0,73612.0,Bruno Fernandes,4-2-3-1,Andy Madley,Match Report,20.4,0.0,2024,ManchesterUnited,1,WestHamUnited,2.0,2.2,-0.2,1.4,1.3800000000000001,0.020000000000000063,5.0,12.8,50.2
2024-02-11,16:30,Premier League,Matchweek 24,Sun,Away,W,Aston Villa,44.0,42185.0,Bruno Fernandes,4-2-3-1,Robert Jones,Match Report,14.6,0.0,2024,ManchesterUnited,1,AstonVilla,2.6,1.8,0.8,1.34,1.42,-0.07999999999999993,5.4,13.0,47.4
2024-02-18,16:30,Premier League,Matchweek 25,Sun,Away,W,Luton Town,42.0,11483.0,Bruno Fernandes,4-2-3-1,David Coote,Match Report,19.8,2.0,2024,ManchesterUnited,1,LutonTown,2.4,1.6,0.8,1.48,1.56,-0.07999999999999993,5.0,13.8,47.0
2024-02-24,15:00,Premier League,Matchweek 26,Sat,Home,L,Fulham,57.0,73487.0,Bruno Fernandes,4-2-3-1,Michael Oliver,Match Report,17.3,0.0,2024,ManchesterUnited,0,Fulham,2.6,1.4,1.2,1.9,1.78,0.12000000000000002,5.6,16.0,44.2
2024-03-03,15:30,Premier League,Matchweek 27,Sun,Away,L,Manchester City,27.0,53514.0,Bruno Fernandes,4-2-4-0,Andy Madley,Match Report,16.7,0.0,2024,ManchesterUnited,0,ManchesterCity,2.4,1.4,1.0,2.0799999999999996,1.78,0.3,6.8,18.4,48.2
2024-03-09,12:30,Premier League,Matchweek 28,Sat,Home,W,Everton,51.0,73601.0,Bruno Fernandes,4-2-4-0,Simon Hooper,Match Report,17.6,1.0,2024,ManchesterUnited,1,Everton,1.8,1.4,0.4,1.46,2.02,-0.5599999999999998,5.4,14.8,44.2
2024-03-30,20:00,Premier League,Matchweek 30,Sat,Away,D,Brentford,53.0,17138.0,Bruno Fernandes,4-2-3-1,Simon Hooper,Match Report,22.5,0.0,2024,ManchesterUnited,0,Brentford,1.6,1.4,0.2,1.86,2.06,-0.1999999999999999,5.6,15.0,44.2
2024-04-04,20:15,Premier League,Matchweek 31,Thu,Away,L,Chelsea,43.0,39694.0,Bruno Fernandes,4-2-3-1,Jarred Gillett,Match Report,16.8,0.0,2024,ManchesterUnited,0,Chelsea,1.4,1.4,0.0,1.6199999999999999,2.2199999999999998,-0.5999999999999999,5.6,13.8,46.0
2024-04-07,15:30,Premier League,Matchweek 32,Sun,Home,D,Liverpool,38.0,73501.0,Bruno Fernandes,4-2-3-1,Anthony Taylor,Match Report,18.1,0.0,2024,ManchesterUnited,0,Liverpool,1.6,2.0,-0.4,1.3399999999999999,2.46,-1.1199999999999999,5.0,13.4,46.2
2024-04-13,17:30,Premier League,Matchweek 33,Sat,Away,D,Bournemouth,57.0,11229.0,Bruno Fernandes,4-2-3-1,Tony Harrington,Match Report,20.6,0.0,2024,ManchesterUnited,0,Bournemouth,1.8,2.0,-0.2,1.1400000000000001,2.94,-1.8,4.4,11.0,42.4
2024-04-24,20:00,Premier League,Matchweek 29,Wed,Home,W,Sheffield Utd,71.0,73549.0,Bruno Fernandes,4-2-3-1,Michael Salisbury,Match Report,16.9,0.0,2024,ManchesterUnited,1,SheffieldUnited,2.0,1.8,0.2,1.34,2.6,-1.2600000000000002,4.4,11.8,48.4
2024-04-27,15:00,Premier League,Matchweek 35,Sat,Home,D,Burnley,48.0,73571.0,Bruno Fernandes,4-2-3-1,John Brooks,Match Report,18.0,0.0,2024,ManchesterUnited,0,Burnley,2.4,2.2,0.2,1.3800000000000001,2.44,-1.06,5.6,14.0,52.4
2024-05-06,20:00,Premier League,Matchweek 36,Mon,Away,L,Crystal Palace,57.0,25190.0,Casemiro,4-2-3-1,Jarred Gillett,Match Report,16.7,1.0,2024,ManchesterUnited,0,CrystalPalace,2.4,2.2,0.2,1.8,2.22,-0.4200000000000002,6.6,17.2,51.4
2024-05-12,16:30,Premier League,Matchweek 37,Sun,Home,L,Arsenal,54.0,73600.0,Scott McTominay,4-2-3-1,Paul Tierney,Match Report,22.9,0.0,2024,ManchesterUnited,0,Arsenal,1.8,2.2,-0.4,1.58,1.9600000000000002,-0.38000000000000017,6.0,14.8,54.2
2024-05-15,20:00,Premier League,Matchweek 34,Wed,Home,W,Newcastle Utd,45.0,73582.0,Bruno Fernandes,4-2-2-2,Robert Jones,Match Report,15.2,0.0,2024,ManchesterUnited,1,NewcastleUnited,1.4,2.0,-0.6,1.54,1.5400000000000003,-8.881784197001253e-17,5.4,15.8,57.4
2024-05-19,16:00,Premier League,Matchweek 38,Sun,Away,W,Brighton,45.0,31662.0,Bruno Fernandes,4-2-2-2,Craig Pawson,Match Report,17.0,0.0,2024,ManchesterUnited,1,BrightonandHoveAlbion,1.6,2.0,-0.4,1.6,1.6600000000000001,-0.060000000000000095,6.8,17.8,55.0
2023-08-12,15:00,Premier League,Matchweek 1,Sat,Away,D,Bournemouth,38.0,11245.0,Kurt Zouma,4-2-3-1,Peter Bankes,Match Report,16.1,0.0,2024,WestHamUnited,0,Bournemouth,,,,,,,,,
2023-08-20,16:30,Premier League,Matchweek 2,Sun,Home,W,Chelsea,25.0,62451.0,Kurt Zouma,4-2-3-1,John Brooks,Match Report,19.6,0.0,2024,WestHamUnited,1,Chelsea,,,,,,,,,
2023-08-26,17:30,Premier League,Matchweek 3,Sat,Away,W,Brighton,22.0,31508.0,Kurt Zouma,4-1-4-1,Anthony Taylor,Match Report,12.3,0.0,2024,WestHamUnited,1,BrightonandHoveAlbion,,,,,,,,,
2023-09-01,20:00,Premier League,Matchweek 4,Fri,Away,W,Luton Town,61.0,10802.0,Kurt Zouma,4-2-3-1,Paul Tierney,Match Report,16.3,0.0,2024,WestHamUnited,1,LutonTown,,,,,,,,,
2023-09-16,15:00,Premier League,Matchweek 5,Sat,Home,L,Manchester City,32.0,62475.0,Kurt Zouma,4-2-3-1,Andy Madley,Match Report,12.1,0.0,2024,WestHamUnited,0,ManchesterCity,,,,,,,,,
2023-09-24,14:00,Premier League,Matchweek 6,Sun,Away,L,Liverpool,37.0,50136.0,Kurt Zouma,4-2-3-1,Chris Kavanagh,Match Report,13.5,0.0,2024,WestHamUnited,0,Liverpool,2.0,1.4,0.6,1.56,2.06,-0.5,4.0,10.8,35.6
2023-09-30,15:00,Premier League,Matchweek 7,Sat,Home,W,Sheffield Utd,52.0,62459.0,Kurt Zouma,4-2-3-1,Graham Scott,Match Report,12.6,1.0,2024,WestHamUnited,1,SheffieldUnited,2.0,1.8,0.2,1.56,2.4,-0.8399999999999999,4.4,9.8,35.4
2023-10-08,14:00,Premier League,Matchweek 8,Sun,Home,D,Newcastle Utd,36.0,62473.0,Kurt Zouma,4-2-3-1,Peter Bankes,Match Report,14.9,1.0,2024,WestHamUnited,0,NewcastleUnited,1.8,1.6,0.2,1.6199999999999999,2.12,-0.5,5.0,11.6,40.8
2023-10-22,16:30,Premier League,Matchweek 9,Sun,Away,L,Aston Villa,42.0,41734.0,Kurt Zouma,4-2-3-1,David Coote,Match Report,15.2,1.0,2024,WestHamUnited,0,AstonVilla,1.6,1.8,-0.2,1.26,2.22,-0.96,4.2,10.2,43.6
2023-10-29,13:00,Premier League,Matchweek 10,Sun,Home,L,Everton,64.0,62469.0,Kurt Zouma,4-2-3-1,Stuart Attwell,Match Report,17.3,0.0,2024,WestHamUnited,0,Everton,1.4,2.4,-1.0,1.28,2.3200000000000003,-1.04,4.4,11.2,39.8
2023-11-04,15:00,Premier League,Matchweek 11,Sat,Away,L,Brentford,42.0,17103.0,James Ward-Prowse,4-4-2,Thomas Bramall,Match Report,15.3,0.0,2024,WestHamUnited,0,Brentford,1.2,2.0,-0.8,1.2399999999999998,1.7599999999999998,-0.5199999999999999,4.2,12.4,46.2
2023-11-12,14:00,Premier League,Matchweek 12,Sun,Home,W,Nott'ham Forest,54.0,62470.0,Kurt Zouma,4-2-3-1,Michael Salisbury,Match Report,18.0,1.0,2024,WestHamUnited,1,NottinghamForest,1.4,2.0,-0.6,1.3800000000000001,1.46,-0.07999999999999999,3.8,12.6,47.2
2023-11-25,15:00,Premier League,Matchweek 13,Sat,Away,W,Burnley,50.0,21319.0,Kurt Zouma,4-2-3-1,Samuel Barrott,Match Report,13.2,0.0,2024,WestHamUnited,1,Burnley,1.6,2.4,-0.8,1.32,1.5799999999999998,-0.25999999999999995,3.4,11.8,47.6
2023-12-03,14:00,Premier League,Matchweek 14,Sun,Home,D,Crystal Palace,55.0,62414.0,Tomáš Souček,4-2-3-1,Michael Oliver,Match Report,15.7,1.0,2024,WestHamUnited,0,CrystalPalace,1.6,2.2,-0.6,1.2600000000000002,1.44,-0.17999999999999997,3.4,13.0,50.4
2023-12-07,20:15,Premier League,Matchweek 15,Thu,Away,W,Tottenham,26.0,61171.0,Kurt Zouma,4-3-3,Michael Salisbury,Match Report,15.0,0.0,2024,WestHamUnited,1,TottenhamHotspur,1.6,1.6,0.0,1.26,1.24,0.020000000000000018,3.2,12.0,53.0
2023-12-10,14:00,Premier League,Matchweek 16,Sun,Away,L,Fulham,37.0,23988.0,Kurt Zouma,4-4-1-1,Paul Tierney,Match Report,19.2,1.0,2024,WestHamUnited,0,Fulham,2.0,1.6,0.4,1.56,1.44,0.12000000000000006,3.8,11.8,45.4
2023-12-17,14:00,Premier League,Matchweek 17,Sun,Home,W,Wolves,45.0,62455.0,Kurt Zouma,4-2-3-1,Chris Kavanagh,Match Report,19.8,2.0,2024,WestHamUnited,1,WolverhamptonWanderers,1.6,2.0,-0.4,1.46,1.6,-0.1399999999999999,4.4,11.2,44.4
2023-12-23,12:30,Premier League,Matchweek 18,Sat,Home,W,Manchester Utd,35.0,64472.0,Kurt Zouma,4-2-3-1,Simon Hooper,Match Report,13.8,0.0,2024,WestHamUnited,1,ManchesterUnited,1.6,1.6,0.0,1.32,1.4,-0.07999999999999989,4.0,10.6,42.6
2023-12-28,20:15,Premier League,Matchweek 19,Thu,Away,W,Arsenal,27.0,60261.0,Angelo Ogbonna,4-2-3-1,Michael Oliver,Match Report,17.4,0.0,2024,WestHamUnited,1,Arsenal,1.6,1.4,0.2,1.3800000000000001,1.34,0.040000000000000105,4.4,10.8,39.6
2024-01-02,19:30,Premier League,Matchweek 20,Tue,Home,D,Brighton,32.0,62462.0,Angelo Ogbonna,4-2-3-1,Samuel Barrott,Match Report,16.0,0.0,2024,WestHamUnited,0,BrightonandHoveAlbion,1.8,1.2,0.6,1.44,1.7,-0.25999999999999995,4.2,10.0,34.0
2024-01-21,14:00,Premier League,Matchweek 21,Sun,Away,D,Sheffield Utd,43.0,29164.0,Kurt Zouma,4-4-1-1,Michael Salisbury,Match Report,14.9,0.0,2024,WestHamUnited,0,SheffieldUnited,1.4,1.0,0.4,1.1400000000000001,1.8,-0.6599999999999999,3.6,9.0,35.2
2024-02-01,19:30,Premier League,Matchweek 22,Thu,Home,D,Bournemouth,48.0,62478.0,Kurt Zouma,4-3-2-1,Tim Robinson,Match Report,17.1,0.0,2024,WestHamUnited,0,Bournemouth,1.8,0.4,1.4,1.34,1.8399999999999999,-0.5,3.4,10.2,36.4
2024-02-04,14:00,Premier League,Matchweek 23,Sun,Away,L,Manchester Utd,49.0,73612.0,Kurt Zouma,4-2-3-1,Andy Madley,Match Report,18.9,1.0,2024,WestHamUnited,0,ManchesterUnited,1.4,0.6,0.8,1.4,1.9400000000000002,-0.54,3.0,9.2,37.0
2024-02-11,14:00,Premier League,Matchweek 24,Sun,Home,L,Arsenal,30.0,62475.0,Kurt Zouma,4-2-3-1,Craig Pawson,Match Report,19.9,0.0,2024,WestHamUnited,0,Arsenal,1.0,1.2,-0.2,1.44,1.8800000000000001,-0.4400000000000001,2.6,11.2,39.8
2024-02-17,15:00,Premier League,Matchweek 25,Sat,Away,L,Nott'ham Forest,51.0,29490.0,Kurt Zouma,4-2-3-1,Thomas Bramall,Match Report,18.9,1.0,2024,WestHamUnited,0,NottinghamForest,0.6,2.4,-1.8,1.2,2.06,-0.86,2.4,11.2,40.4
2024-02-26,20:00,Premier League,Matchweek 26,Mon,Home,W,Brentford,41.0,62450.0,Kurt Zouma,4-2-3-1,Simon Hooper,Match Report,17.7,0.0,2024,WestHamUnited,1,Brentford,0.6,2.8,-2.2,1.16,2.1599999999999997,-1.0,2.6,12.0,44.2
2024-03-02,15:00,Premier League,Matchweek 27,Sat,Away,W,Everton,45.0,39262.0,Kurt Zouma,4-2-3-1,Craig Pawson,Match Report,14.2,0.0,2024,WestHamUnited,1,Everton,1.0,2.8,-1.8,1.0399999999999998,1.8400000000000003,-0.8,3.0,12.4,43.8
2024-03-10,14:00,Premier League,Matchweek 28,Sun,Home,D,Burnley,52.0,62441.0,Tomáš Souček,4-2-3-1,Darren England,Match Report,14.8,0.0,2024,WestHamUnited,0,Burnley,1.4,2.8,-1.4,1.14,2.1399999999999997,-1.0,3.6,13.2,43.2
2024-03-17,14:00,Premier League,Matchweek 29,Sun,Home,D,Aston Villa,31.0,62461.0,Kurt Zouma,4-2-3-1,Jarred Gillett,Match Report,15.9,1.0,2024,WestHamUnited,0,AstonVilla,1.8,2.6,-0.8,1.2799999999999998,2.14,-0.86,3.8,13.2,43.8
2024-03-30,12:30,Premier League,Matchweek 30,Sat,Away,L,Newcastle Utd,40.0,52199.0,Kurt Zouma,4-2-3-1,Robert Jones,Match Report,14.1,0.0,2024,WestHamUnited,0,NewcastleUnited,2.0,1.6,0.4,1.64,1.56,0.07999999999999993,4.4,14.8,44.0
2024-04-02,20:15,Premier League,Matchweek 31,Tue,Home,D,Tottenham,33.0,62469.0,Kurt Zouma,4-5-1,John Brooks,Match Report,16.6,1.0,2024,WestHamUnited,0,TottenhamHotspur,2.6,2.0,0.6,1.8199999999999998,1.8199999999999998,-8.881784197001253e-17,4.6,14.8,41.8
2024-04-06,15:00,Premier League,Matchweek 32,Sat,Away,W,Wolves,42.0,31504.0,Kurt Zouma,4-2-3-1,Tony Harrington,Match Report,24.6,2.0,2024,WestHamUnited,1,WolverhamptonWanderers,2.0,1.8,0.2,1.78,1.8399999999999999,-0.060000000000000074,4.2,13.6,40.2
2024-04-14,14:00,Premier League,Matchweek 33,Sun,Home,L,Fulham,58.0,62459.0,Łukasz Fabiański,4-2-3-1,Stuart Attwell,Match Report,16.2,0.0,2024,WestHamUnited,0,Fulham,1.8,1.8,0.0,1.64,1.6,0.039999999999999966,3.8,13.2,39.6
2024-04-21,15:00,Premier League,Matchweek 34,Sun,Away,L,Crystal Palace,40.0,25145.0,Kurt Zouma,4-2-3-1,Graham Scott,Match Report,10.8,0.0,2024,WestHamUnited,0,CrystalPalace,1.4,1.8,-0.4,1.4,2.1,-0.7000000000000001,3.8,11.8,40.8
2024-04-27,12:30,Premier League,Matchweek 35,Sat,Home,D,Liverpool,29.0,62474.0,Kurt Zouma,4-2-3-1,Anthony Taylor,Match Report,17.0,0.0,2024,WestHamUnited,0,Liverpool,1.6,2.6,-1.0,1.26,2.4400000000000004,-1.1800000000000002,3.2,10.0,42.6
2024-05-05,14:00,Premier League,Matchweek 36,Sun,Away,L,Chelsea,31.0,39295.0,Kurt Zouma,4-2-3-1,Andy Madley,Match Report,17.6,2.0,2024,WestHamUnited,0,Chelsea,1.4,2.2,-0.8,1.12,1.9600000000000002,-0.8400000000000002,4.0,10.2,40.4
2024-05-11,15:00,Premier League,Matchweek 37,Sat,Home,W,Luton Town,58.0,62475.0,Kurt Zouma,4-2-3-1,Michael Oliver,Match Report,16.5,1.0,2024,WestHamUnited,1,LutonTown,1.2,3.0,-1.8,0.9999999999999998,2.58,-1.58,3.6,10.6,40.0
2024-05-19,16:00,Premier League,Matchweek 38,Sun,Away,L,Manchester City,29.0,55097.0,Kurt Zouma,3-4-3,John Brooks,Match Report,10.3,0.0,2024,WestHamUnited,0,ManchesterCity,1.4,3.0,-1.6,1.4,2.34,-0.9400000000000001,4.6,13.4,43.2
2023-08-12,15:00,Premier League,Matchweek 1,Sat,Away,W,Sheffield Utd,68.0,31194.0,Joel Ward,4-2-3-1,John Brooks,Match Report,18.5,1.0,2024,CrystalPalace,1,SheffieldUnited,,,,,,,,,
2023-08-21,20:00,Premier League,Matchweek 2,Mon,Home,L,Arsenal,47.0,24189.0,Joel Ward,4-2-3-1,David Coote,Match Report,16.4,1.0,2024,CrystalPalace,0,Arsenal,,,,,,,,,
2023-08-26,15:00,Premier League,Matchweek 3,Sat,Away,D,Brentford,40.0,16997.0,Joel Ward,4-2-3-1,Peter Bankes,Match Report,16.9,1.0,2024,CrystalPalace,0,Brentford,,,,,,,,,
2023-09-03,14:00,Premier League,Matchweek 4,Sun,Home,W,Wolves,43.0,24741.0,Joel Ward,4-3-3,Robert Jones,Match Report,13.8,1.0,2024,CrystalPalace,1,WolverhamptonWanderers,,,,,,,,,
2023-09-16,15:00,Premier League,Matchweek 5,Sat,Away,L,Aston Villa,34.0,40809.0,Joel Ward,4-4-1-1,Darren England,Match Report,16.1,0.0,2024,CrystalPalace,0,AstonVilla,,,,,,,,,
2023-09-23,15:00,Premier League,Matchweek 6,Sat,Home,D,Fulham,51.0,25072.0,Joel Ward,4-2-3-1,Paul Tierney,Match Report,18.9,1.0,2024,CrystalPalace,0,Fulham,1.2,1.4,-0.2,1.4,1.54,-0.13999999999999999,5.6,15.0,46.4
2023-09-30,15:00,Premier League,Matchweek 7,Sat,Away,W,Manchester Utd,23.0,73428.0,Joel Ward,4-3-3,Chris Kavanagh,Match Report,13.5,0.0,2024,CrystalPalace,1,ManchesterUnited,1.0,1.4,-0.4,1.0799999999999998,1.56,-0.47999999999999987,4.6,11.6,43.0
2023-10-07,17:30,Premier League,Matchweek 8,Sat,Home,D,Nott'ham Forest,52.0,25017.0,Marc Guéhi,4-3-3,Craig Pawson,Match Report,15.2,0.0,2024,CrystalPalace,0,NottinghamForest,1.2,1.2,0.0,1.06,1.42,-0.36,4.6,10.4,38.2
2023-10-21,15:00,Premier League,Matchweek 9,Sat,Away,L,Newcastle Utd,41.0,52189.0,Joel Ward,4-3-3,Tim Robinson,Match Report,17.8,1.0,2024,CrystalPalace,0,NewcastleUnited,1.0,1.0,0.0,1.06,1.42,-0.36,4.0,9.0,40.6
2023-10-27,20:00,Premier League,Matchweek 10,Fri,Home,L,Tottenham,25.0,25074.0,Joel Ward,4-2-3-1,Andy Madley,Match Report,17.2,0.0,2024,CrystalPalace,0,TottenhamHotspur,0.4,1.4,-1.0,0.8800000000000001,1.6600000000000001,-0.78,2.6,9.2,40.2
2023-11-04,15:00,Premier League,Matchweek 11,Sat,Away,W,Burnley,33.0,21578.0,Joel Ward,4-2-3-1,Peter Bankes,Match Report,13.9,0.0,2024,CrystalPalace,1,Burnley,0.4,1.2,-0.8,0.76,1.28,-0.52,2.6,10.6,38.4
2023-11-11,15:00,Premier League,Matchweek 12,Sat,Home,L,Everton,67.0,25103.0,Joel Ward,4-2-3-1,Samuel Barrott,Match Report,17.9,0.0,2024,CrystalPalace,0,Everton,0.8,1.2,-0.4,0.96,1.3800000000000001,-0.42000000000000004,2.6,10.0,34.8
2023-11-25,15:00,Premier League,Matchweek 13,Sat,Away,L,Luton Town,61.0,11029.0,Joel Ward,4-2-3-1,Jarred Gillett,Match Report,16.3,1.0,2024,CrystalPalace,0,LutonTown,1.0,1.8,-0.8,1.22,1.42,-0.19999999999999998,2.8,10.8,43.6
2023-12-03,14:00,Premier League,Matchweek 14,Sun,Away,D,West Ham,45.0,62414.0,Joel Ward,4-3-3,Michael Oliver,Match Report,17.4,1.0,2024,CrystalPalace,0,WestHamUnited,1.2,2.2,-1.0,1.3800000000000001,1.4,-0.019999999999999952,4.0,12.4,45.4
2023-12-06,19:30,Premier League,Matchweek 15,Wed,Home,L,Bournemouth,59.0,25078.0,Joel Ward,4-2-3-1,Craig Pawson,Match Report,18.9,1.0,2024,CrystalPalace,0,Bournemouth,1.4,1.6,-0.2,1.32,1.1400000000000001,0.18,3.8,10.8,46.2
2023-12-09,12:30,Premier League,Matchweek 16,Sat,Home,L,Liverpool,24.0,25103.0,Joel Ward,4-3-3,Andy Madley,Match Report,17.4,0.0,2024,CrystalPalace,0,Liverpool,1.2,1.6,-0.4,1.4000000000000001,1.2799999999999998,0.12000000000000006,3.8,11.4,53.0
2023-12-16,15:00,Premier League,Matchweek 17,Sat,Away,D,Manchester City,26.0,53248.0,Joel Ward,5-4-1,Paul Tierney,Match Report,21.1,1.0,2024,CrystalPalace,0,ManchesterCity,1.0,2.0,-1.0,1.48,1.3,0.18000000000000008,3.8,12.0,51.2
2023-12-21,20:00,Premier League,Matchweek 18,Thu,Home,D,Brighton,35.0,24171.0,Marc Guéhi,4-3-3,John Brooks,Match Report,13.4,0.0,2024,CrystalPalace,0,BrightonandHoveAlbion,1.0,1.8,-0.8,1.4,1.3199999999999998,0.08000000000000003,3.4,10.4,43.0
2023-12-27,19:30,Premier League,Matchweek 19,Wed,Away,L,Chelsea,37.0,39618.0,Marc Guéhi,4-3-3,Michael Salisbury,Match Report,19.6,2.0,2024,CrystalPalace,0,Chelsea,1.0,1.6,-0.6,1.34,1.38,-0.039999999999999966,2.4,9.4,37.8
2023-12-30,15:00,Premier League,Matchweek 20,Sat,Home,W,Brentford,46.0,25472.0,Marc Guéhi,4-3-3,Robert Jones,Match Report,16.2,0.0,2024,CrystalPalace,1,Brentford,1.0,1.8,-0.8,1.3800000000000001,1.6800000000000002,-0.29999999999999993,3.0,10.2,36.2
2024-01-20,12:30,Premier League,Matchweek 21,Sat,Away,L,Arsenal,40.0,60284.0,Marc Guéhi,3-4-3,Paul Tierney,Match Report,24.4,2.0,2024,CrystalPalace,0,Arsenal,1.6,1.6,0.0,1.3800000000000001,1.6,-0.21999999999999992,3.6,9.6,33.6
2024-01-30,20:00,Premier League,Matchweek 22,Tue,Home,W,Sheffield Utd,53.0,24781.0,Marc Guéhi,4-3-3,Tony Harrington,Match Report,17.1,0.0,2024,CrystalPalace,1,SheffieldUnited,1.4,2.2,-0.8,1.1,2.02,-0.9199999999999999,4.0,10.6,36.8
2024-02-03,15:00,Premier League,Matchweek 23,Sat,Away,L,Brighton,32.0,31345.0,Marc Guéhi,4-3-3,Simon Hooper,Match Report,20.6,0.0,2024,CrystalPalace,0,BrightonandHoveAlbion,1.6,2.2,-0.6,0.96,1.86,-0.9,4.6,12.2,42.2
2024-02-12,20:00,Premier League,Matchweek 24,Mon,Home,L,Chelsea,23.0,25110.0,Joachim Andersen,4-1-4-1,Michael Oliver,Match Report,18.7,0.0,2024,CrystalPalace,0,Chelsea,1.6,2.8,-1.2,0.76,1.9,-1.14,5.0,11.4,41.6
2024-02-19,20:00,Premier League,Matchweek 25,Mon,Away,D,Everton,39.0,38164.0,Joel Ward,3-4-3,Paul Tierney,Match Report,13.0,0.0,2024,CrystalPalace,0,Everton,1.6,3.0,-1.4,0.6599999999999999,1.6599999999999997,-0.9999999999999998,4.8,11.4,38.8
2024-02-24,15:00,Premier League,Matchweek 26,Sat,Home,W,Burnley,56.0,24042.0,Joel Ward,3-4-3,Lewis Smith,Match Report,15.3,1.0,2024,CrystalPalace,1,Burnley,1.2,3.0,-1.8,0.6,1.72,-1.1199999999999999,4.2,10.8,37.4
2024-03-02,15:00,Premier League,Matchweek 27,Sat,Away,L,Tottenham,22.0,61339.0,Joel Ward,3-4-3,John Brooks,Match Report,18.6,1.0,2024,CrystalPalace,0,TottenhamHotspur,1.8,2.0,-0.2,1.02,1.08,-0.05999999999999996,4.2,11.2,40.6
2024-03-09,15:00,Premier League,Matchweek 28,Sat,Home,D,Luton Town,49.0,25103.0,Joel Ward,3-4-3,Sunny Singh,Match Report,16.5,0.0,2024,CrystalPalace,0,LutonTown,1.4,2.2,-0.8,0.86,1.3,-0.43999999999999995,3.6,9.6,34.4
2024-03-30,15:00,Premier League,Matchweek 30,Sat,Away,D,Nott'ham Forest,41.0,29520.0,Joel Ward,3-4-3,Chris Kavanagh,Match Report,18.4,0.0,2024,CrystalPalace,0,NottinghamForest,1.4,1.6,-0.2,1.3399999999999999,1.1800000000000002,0.16000000000000006,3.4,12.4,37.8
2024-04-02,19:45,Premier League,Matchweek 31,Tue,Away,L,Bournemouth,50.0,11058.0,Joel Ward,3-4-3,Graham Scott,Match Report,15.0,0.0,2024,CrystalPalace,0,Bournemouth,1.4,1.2,0.2,1.46,1.0799999999999998,0.38,3.2,11.8,41.4
2024-04-06,12:30,Premier League,Matchweek 32,Sat,Home,L,Manchester City,25.0,25132.0,Joel Ward,3-4-3,Paul Tierney,Match Report,16.8,0.0,2024,CrystalPalace,0,ManchesterCity,1.2,1.2,0.0,1.3599999999999999,0.9600000000000002,0.4,3.0,10.4,43.6
2024-04-14,14:00,Premier League,Matchweek 33,Sun,Away,W,Liverpool,31.0,60090.0,Joachim Andersen,3-4-3,Chris Kavanagh,Match Report,14.1,0.0,2024,CrystalPalace,1,Liverpool,1.0,2.0,-1.0,1.1,1.32,-0.21999999999999992,2.8,9.0,37.4
2024-04-21,15:00,Premier League,Matchweek 34,Sun,Home,W,West Ham,60.0,25145.0,Joachim Andersen,3-4-3,Graham Scott,Match Report,16.6,1.0,2024,CrystalPalace,1,WestHamUnited,1.0,1.4,-0.4,1.44,1.48,-0.040000000000000015,3.4,9.8,39.2
2024-04-24,20:00,Premier League,Matchweek 29,Wed,Home,W,Newcastle Utd,47.0,25002.0,Joachim Andersen,3-4-3,Thomas Bramall,Match Report,21.2,3.0,2024,CrystalPalace,1,NewcastleUnited,1.8,1.6,0.2,1.3800000000000001,1.58,-0.20000000000000004,4.0,9.2,41.4
2024-04-27,15:00,Premier League,Matchweek 35,Sat,Away,D,Fulham,47.0,24142.0,Joachim Andersen,3-4-3,Stuart Attwell,Match Report,19.7,0.0,2024,CrystalPalace,0,Fulham,2.0,1.4,0.6,1.32,1.48,-0.16000000000000006,4.8,11.2,42.6
2024-05-06,20:00,Premier League,Matchweek 36,Mon,Home,W,Manchester Utd,43.0,25190.0,Joachim Andersen,3-4-3,Jarred Gillett,Match Report,16.8,0.0,2024,CrystalPalace,1,ManchesterUnited,2.2,1.4,0.8,1.48,1.48,-6.661338147750939e-17,5.2,13.4,42.0
2024-05-11,15:00,Premier League,Matchweek 37,Sat,Away,W,Wolves,38.0,31424.0,Joachim Andersen,3-4-3,Thomas Bramall,Match Report,13.6,0.0,2024,CrystalPalace,1,WolverhamptonWanderers,2.6,0.6,2.0,1.6,1.1800000000000002,0.4199999999999998,6.4,15.6,45.6
2024-05-19,16:00,Premier League,Matchweek 38,Sun,Home,W,Aston Villa,54.0,25191.0,Marc Guéhi,3-4-3,Darren Bond,Match Report,16.8,0.0,2024,CrystalPalace,1,AstonVilla,3.0,0.8,2.2,1.7200000000000002,0.9600000000000002,0.7599999999999999,6.2,16.6,47.0
2023-08-12,15:00,Premier League,Matchweek 1,Sat,Home,W,Luton Town,70.0,31872.0,Lewis Dunk,4-2-3-1,David Coote,Match Report,17.0,0.0,2024,BrightonandHoveAlbion,1,LutonTown,,,,,,,,,
2023-08-19,15:00,Premier League,Matchweek 2,Sat,Away,W,Wolves,53.0,31317.0,Lewis Dunk,4-2-3-1,Andy Madley,Match Report,15.6,0.0,2024,BrightonandHoveAlbion,1,WolverhamptonWanderers,,,,,,,,,
2023-08-26,17:30,Premier League,Matchweek 3,Sat,Home,L,West Ham,78.0,31508.0,Lewis Dunk,4-2-3-1,Anthony Taylor,Match Report,19.5,1.0,2024,BrightonandHoveAlbion,0,WestHamUnited,,,,,,,,,
2023-09-02,17:30,Premier League,Matchweek 4,Sat,Home,W,Newcastle Utd,56.0,31620.0,Lewis Dunk,4-2-3-1,Stuart Attwell,Match Report,17.3,0.0,2024,BrightonandHoveAlbion,1,NewcastleUnited,,,,,,,,,
2023-09-16,15:00,Premier League,Matchweek 5,Sat,Away,W,Manchester Utd,56.0,73592.0,Lewis Dunk,4-2-3-1,Jarred Gillett,Match Report,17.1,0.0,2024,BrightonandHoveAlbion,1,ManchesterUnited,,,,,,,,,
2023-09-24,14:00,Premier League,Matchweek 6,Sun,Home,W,Bournemouth,61.0,31617.0,Lewis Dunk,4-2-3-1,John Brooks,Match Report,17.1,0.0,2024,BrightonandHoveAlbion,1,Bournemouth,3.0,1.4,1.6,2.1399999999999997,1.7600000000000002,0.38,8.6,18.4,62.6
2023-09-30,12:30,Premier League,Matchweek 7,Sat,Away,L,Aston Villa,61.0,40636.0,Lewis Dunk,4-2-3-1,Andy Madley,Match Report,15.4,0.0,2024,BrightonandHoveAlbion,0,AstonVilla,2.8,1.4,1.4,1.72,1.6800000000000002,0.039999999999999994,7.2,15.8,60.8
2023-10-08,14:00,Premier League,Matchweek 8,Sun,Home,D,Liverpool,46.0,31752.0,Lewis Dunk,4-2-3-1,Anthony Taylor,Match Report,16.9,2.0,2024,BrightonandHoveAlbion,0,Liverpool,2.2,2.4,-0.2,1.6199999999999999,1.58,0.039999999999999945,6.2,14.8,62.4
2023-10-21,15:00,Premier League,Matchweek 9,Sat,Away,L,Manchester City,45.0,53466.0,Lewis Dunk,4-2-3-1,Robert Jones,Match Report,12.1,0.0,2024,BrightonandHoveAlbion,0,ManchesterCity,2.4,2.2,0.2,1.7799999999999998,1.44,0.33999999999999997,4.8,12.6,56.0
2023-10-29,14:00,Premier League,Matchweek 10,Sun,Home,D,Fulham,71.0,31550.0,Lewis Dunk,3-4-3,Michael Salisbury,Match Report,18.1,1.0,2024,BrightonandHoveAlbion,0,Fulham,2.0,2.4,-0.4,1.6800000000000002,1.3599999999999999,0.31999999999999995,4.2,10.6,53.8
2023-11-04,15:00,Premier League,Matchweek 11,Sat,Away,D,Everton,79.0,38683.0,Lewis Dunk,4-3-3,Tim Robinson,Match Report,15.6,1.0,2024,BrightonandHoveAlbion,0,Everton,1.6,2.4,-0.8,1.6199999999999999,1.3,0.31999999999999995,3.8,12.2,56.8
2023-11-12,14:00,Premier League,Matchweek 12,Sun,Home,D,Sheffield Utd,61.0,31367.0,Pascal Groß,4-2-3-1,John Brooks,Match Report,16.5,0.0,2024,BrightonandHoveAlbion,0,SheffieldUnited,1.2,2.4,-1.2,1.3399999999999999,1.22,0.11999999999999997,3.4,11.0,60.4
2023-11-25,15:00,Premier League,Matchweek 13,Sat,Away,W,Nott'ham Forest,53.0,29404.0,Lewis Dunk,4-2-3-1,Anthony Taylor,Match Report,19.9,1.0,2024,BrightonandHoveAlbion,1,NottinghamForest,1.2,1.4,-0.2,1.3,1.1199999999999999,0.18,4.0,11.0,60.4
2023-12-03,14:00,Premier League,Matchweek 14,Sun,Away,L,Chelsea,68.0,39647.0,Adam Lallana,4-2-3-1,Craig Pawson,Match Report,18.6,1.0,2024,BrightonandHoveAlbion,0,Chelsea,1.4,1.4,0.0,1.1,1.04,0.06000000000000001,4.2,10.0,61.8
2023-12-06,19:30,Premier League,Matchweek 15,Wed,Home,W,Brentford,61.0,31571.0,Pascal Groß,4-2-3-1,Peter Bankes,Match Report,16.1,0.0,2024,BrightonandHoveAlbion,1,Brentford,1.6,1.6,0.0,1.1600000000000001,1.3,-0.13999999999999999,5.4,12.6,66.4
2023-12-09,15:00,Premier League,Matchweek 16,Sat,Home,D,Burnley,72.0,31511.0,Lewis Dunk,4-2-3-1,Simon Hooper,Match Report,14.2,2.0,2024,BrightonandHoveAlbion,0,Burnley,1.8,1.6,0.2,1.1800000000000002,1.46,-0.27999999999999997,5.6,12.6,64.4
2023-12-17,14:00,Premier League,Matchweek 17,Sun,Away,L,Arsenal,51.0,60257.0,Lewis Dunk,4-2-3-1,Tim Robinson,Match Report,16.9,0.0,2024,BrightonandHoveAlbion,0,Arsenal,1.8,1.6,0.2,1.6,1.44,0.16,7.4,17.0,63.0
2023-12-21,20:00,Premier League,Matchweek 18,Thu,Away,D,Crystal Palace,65.0,24171.0,Lewis Dunk,4-2-3-1,John Brooks,Match Report,17.6,0.0,2024,BrightonandHoveAlbion,0,CrystalPalace,1.6,1.8,-0.2,1.44,1.6800000000000002,-0.23999999999999994,6.4,16.0,61.0
2023-12-28,19:30,Premier League,Matchweek 19,Thu,Home,W,Tottenham,45.0,31675.0,Lewis Dunk,4-1-2-1-2◆,Jarred Gillett,Match Report,15.2,0.0,2024,BrightonandHoveAlbion,1,TottenhamHotspur,1.2,1.6,-0.4,1.42,1.56,-0.13999999999999999,6.8,17.8,63.4
2024-01-02,19:30,Premier League,Matchweek 20,Tue,Away,D,West Ham,68.0,62462.0,Pascal Groß,4-3-1-2,Samuel Barrott,Match Report,14.4,0.0,2024,BrightonandHoveAlbion,0,WestHamUnited,1.6,1.4,0.2,1.8400000000000003,1.6,0.24000000000000007,6.4,16.8,58.8
2024-01-22,19:45,Premier League,Matchweek 21,Mon,Home,D,Wolves,72.0,41505.0,Lewis Dunk,4-3-3,Craig Pawson,Match Report,14.2,0.0,2024,BrightonandHoveAlbion,0,WolverhamptonWanderers,1.2,1.2,0.0,2.0,1.44,0.56,6.6,17.6,60.2
2024-01-30,19:45,Premier League,Matchweek 22,Tue,Away,L,Luton Town,59.0,10994.0,Lewis Dunk,3-4-3,Robert Jones,Match Report,13.9,0.0,2024,BrightonandHoveAlbion,0,LutonTown,1.0,1.0,0.0,1.6800000000000002,1.54,0.14000000000000004,5.0,14.0,60.2
2024-02-03,15:00,Premier League,Matchweek 23,Sat,Home,W,Crystal Palace,68.0,31345.0,Lewis Dunk,3-4-3,Simon Hooper,Match Report,16.7,0.0,2024,BrightonandHoveAlbion,1,CrystalPalace,1.0,1.4,-0.4,1.72,1.7,0.019999999999999928,5.2,14.6,61.8
2024-02-10,15:00,Premier League,Matchweek 24,Sat,Away,L,Tottenham,48.0,61445.0,Lewis Dunk,4-2-3-1,Samuel Barrott,Match Report,17.8,0.0,2024,BrightonandHoveAlbion,0,TottenhamHotspur,1.6,1.4,0.2,1.7600000000000002,1.5,0.25999999999999995,5.2,13.6,62.4
2024-02-18,14:00,Premier League,Matchweek 25,Sun,Away,W,Sheffield Utd,79.0,29522.0,Lewis Dunk,4-2-3-1,Stuart Attwell,Match Report,15.1,0.0,2024,BrightonandHoveAlbion,1,SheffieldUnited,1.0,1.4,-0.4,1.3599999999999999,1.36,-1.3322676295501878e-16,4.2,12.0,63.0
2024-02-24,15:00,Premier League,Matchweek 26,Sat,Home,D,Everton,64.0,41646.0,Lewis Dunk,4-2-3-1,Tony Harrington,Match Report,16.3,1.0,2024,BrightonandHoveAlbion,0,Everton,2.0,1.4,0.6,1.48,1.34,0.13999999999999985,4.4,12.4,65.2
2024-03-02,15:00,Premier League,Matchweek 27,Sat,Away,L,Fulham,70.0,24460.0,Lewis Dunk,3-4-3,Simon Hooper,Match Report,17.6,0.0,2024,BrightonandHoveAlbion,0,Fulham,2.2,1.6,0.6,1.56,1.1800000000000002,0.37999999999999984,5.2,14.8,63.6
2024-03-10,14:00,Premier League,Matchweek 28,Sun,Home,W,Nott'ham Forest,63.0,31505.0,Lewis Dunk,4-2-3-1,Michael Salisbury,Match Report,17.5,0.0,2024,BrightonandHoveAlbion,1,NottinghamForest,2.2,1.4,0.8,1.64,0.82,0.82,5.8,16.0,65.8
2024-03-31,14:00,Premier League,Matchweek 30,Sun,Away,L,Liverpool,45.0,60061.0,Lewis Dunk,4-2-3-1,David Coote,Match Report,17.2,0.0,2024,BrightonandHoveAlbion,0,Liverpool,1.6,1.2,0.4,1.44,0.9,0.54,5.2,15.4,64.8
2024-04-03,19:30,Premier League,Matchweek 31,Wed,Away,D,Brentford,66.0,17024.0,Lewis Dunk,4-2-3-1,Andy Madley,Match Report,20.1,0.0,2024,BrightonandHoveAlbion,0,Brentford,1.6,1.2,0.4,1.3,1.14,0.16000000000000006,5.4,16.2,64.2
2024-04-06,17:30,Premier League,Matchweek 32,Sat,Home,L,Arsenal,54.0,31677.0,Lewis Dunk,4-2-3-1,John Brooks,Match Report,19.2,0.0,2024,BrightonandHoveAlbion,0,Arsenal,0.6,1.2,-0.6,0.9400000000000001,1.14,-0.1999999999999999,4.8,16.2,61.6
2024-04-13,15:00,Premier League,Matchweek 33,Sat,Away,D,Burnley,56.0,20687.0,Lewis Dunk,4-2-3-1,Simon Hooper,Match Report,18.4,1.0,2024,BrightonandHoveAlbion,0,Burnley,0.4,1.6,-1.2,0.76,1.7600000000000002,-0.9999999999999998,3.8,13.6,59.6
2024-04-25,20:00,Premier League,Matchweek 29,Thu,Home,L,Manchester City,36.0,31596.0,Lewis Dunk,4-2-3-1,Jarred Gillett,Match Report,16.0,0.0,2024,BrightonandHoveAlbion,0,ManchesterCity,0.6,1.2,-0.6,0.6799999999999999,1.8399999999999999,-1.1599999999999997,4.4,14.6,56.8
2024-04-28,14:00,Premier League,Matchweek 35,Sun,Away,L,Bournemouth,69.0,11188.0,Lewis Dunk,4-2-3-1,Paul Tierney,Match Report,16.5,0.0,2024,BrightonandHoveAlbion,0,Bournemouth,0.4,2.0,-1.6,0.72,1.98,-1.2599999999999998,4.4,14.0,51.4
2024-05-05,14:00,Premier League,Matchweek 36,Sun,Home,W,Aston Villa,52.0,31596.0,Lewis Dunk,4-2-3-1,Robert Jones,Match Report,16.3,0.0,2024,BrightonandHoveAlbion,1,AstonVilla,0.2,2.2,-2.0,0.8,1.8,-0.9999999999999998,4.0,14.8,56.2
2024-05-11,15:00,Premier League,Matchweek 37,Sat,Away,D,Newcastle Utd,43.0,51997.0,Lewis Dunk,4-2-3-1,Darren England,Match Report,16.2,0.0,2024,BrightonandHoveAlbion,0,NewcastleUnited,0.4,2.2,-1.8,1.08,1.7,-0.6199999999999999,4.2,12.8,53.4
2024-05-15,19:45,Premier League,Matchweek 34,Wed,Home,L,Chelsea,55.0,31555.0,Lewis Dunk,4-2-3-1,Michael Salisbury,Match Report,15.3,0.0,2024,BrightonandHoveAlbion,0,Chelsea,0.6,1.8,-1.2,1.26,1.46,-0.1999999999999999,4.6,13.8,51.2
2024-05-19,16:00,Premier League,Matchweek 38,Sun,Home,L,Manchester Utd,55.0,31662.0,Adam Lallana,4-2-3-1,Craig Pawson,Match Report,14.2,0.0,2024,BrightonandHoveAlbion,0,ManchesterUnited,0.6,2.0,-1.4,1.3399999999999999,1.42,-0.07999999999999992,3.4,12.2,51.0
2023-08-12,15:00,Premier League,Matchweek 1,Sat,Home,D,West Ham,62.0,11245.0,Neto,4-2-3-1,Peter Bankes,Match Report,20.7,1.0,2024,Bournemouth,0,WestHamUnited,,,,,,,,,
2023-08-19,15:00,Premier League,Matchweek 2,Sat,Away,L,Liverpool,36.0,53145.0,Neto,4-2-3-1,Thomas Bramall,Match Report,19.7,1.0,2024,Bournemouth,0,Liverpool,,,,,,,,,
2023-08-26,12:30,Premier League,Matchweek 3,Sat,Home,L,Tottenham,44.0,10567.0,Neto,4-2-3-1,Tim Robinson,Match Report,17.8,0.0,2024,Bournemouth,0,TottenhamHotspur,,,,,,,,,
2023-09-02,15:00,Premier League,Matchweek 4,Sat,Away,D,Brentford,40.0,16973.0,Neto,4-2-3-1,Robert Madley,Match Report,15.1,0.0,2024,Bournemouth,0,Brentford,,,,,,,,,
2023-09-17,14:00,Premier League,Matchweek 5,Sun,Home,D,Chelsea,36.0,10421.0,Neto,4-2-3-1,David Coote,Match Report,16.7,1.0,2024,Bournemouth,0,Chelsea,,,,,,,,,
2023-09-24,14:00,Premier League,Matchweek 6,Sun,Away,L,Brighton,39.0,31617.0,Neto,4-2-3-1,John Brooks,Match Report,17.6,1.0,2024,Bournemouth,0,BrightonandHoveAlbion,0.8,1.6,-0.8,1.28,2.18,-0.9,4.4,12.6,43.6
2023-09-30,15:00,Premier League,Matchweek 7,Sat,Home,L,Arsenal,43.0,11193.0,Neto,4-2-3-1,Michael Salisbury,Match Report,14.1,0.0,2024,Bournemouth,0,Arsenal,0.8,2.0,-1.2,1.2400000000000002,2.3400000000000003,-1.1,4.0,12.2,39.0
2023-10-07,15:00,Premier League,Matchweek 8,Sat,Away,L,Everton,52.0,38815.0,Neto,4-2-3-1,David Coote,Match Report,16.2,0.0,2024,Bournemouth,0,Everton,0.6,2.2,-1.6,1.1,2.4200000000000004,-1.3199999999999998,3.2,11.2,40.4
2023-10-21,15:00,Premier League,Matchweek 9,Sat,Home,L,Wolves,35.0,11175.0,Neto,4-2-3-1,Paul Tierney,Match Report,17.1,0.0,2024,Bournemouth,0,WolverhamptonWanderers,0.6,2.4,-1.8,1.1,2.4799999999999995,-1.38,3.2,11.2,42.0
2023-10-28,15:00,Premier League,Matchweek 10,Sat,Home,W,Burnley,45.0,11152.0,Lloyd Kelly,4-2-3-1,Samuel Barrott,Match Report,19.5,2.0,2024,Bournemouth,1,Burnley,0.4,2.4,-2.0,0.8,2.38,-1.5799999999999998,3.0,10.2,41.0
2023-11-04,15:00,Premier League,Matchweek 11,Sat,Away,L,Manchester City,35.0,53358.0,Lloyd Kelly,5-4-1,Craig Pawson,Match Report,11.4,0.0,2024,Bournemouth,0,ManchesterCity,0.8,2.6,-1.8,0.82,2.18,-1.3599999999999999,3.4,10.2,42.8
2023-11-11,17:30,Premier League,Matchweek 12,Sat,Home,W,Newcastle Utd,48.0,11201.0,Neto,4-2-3-1,Chris Kavanagh,Match Report,14.9,0.0,2024,Bournemouth,1,NewcastleUnited,0.8,3.2,-2.4,0.78,2.1799999999999997,-1.4,3.0,8.8,42.0
2023-11-25,15:00,Premier League,Matchweek 13,Sat,Away,W,Sheffield Utd,54.0,30208.0,Neto,4-2-3-1,Andy Madley,Match Report,15.7,0.0,2024,Bournemouth,1,SheffieldUnited,1.2,2.4,-1.2,1.14,1.6,-0.45999999999999996,4.8,11.0,43.0
2023-12-03,14:00,Premier League,Matchweek 14,Sun,Home,D,Aston Villa,38.0,11191.0,Neto,4-2-3-1,Thomas Bramall,Match Report,13.6,0.0,2024,Bournemouth,0,AstonVilla,1.8,2.0,-0.2,1.5799999999999998,1.2799999999999998,0.29999999999999993,6.4,13.4,43.4
2023-12-06,19:30,Premier League,Matchweek 15,Wed,Away,W,Crystal Palace,41.0,25078.0,Neto,4-2-3-1,Craig Pawson,Match Report,11.5,0.0,2024,Bournemouth,1,CrystalPalace,2.0,2.0,0.0,1.86,0.9400000000000001,0.9199999999999999,7.0,15.0,44.0
2023-12-09,15:00,Premier League,Matchweek 16,Sat,Away,W,Manchester Utd,32.0,73427.0,Neto,4-2-3-1,Peter Bankes,Match Report,12.7,0.0,2024,Bournemouth,1,ManchesterUnited,2.0,1.8,0.2,2.0,0.9800000000000001,1.02,6.6,14.6,43.2
2023-12-23,15:00,Premier League,Matchweek 18,Sat,Away,W,Nott'ham Forest,66.0,29188.0,Neto,4-2-3-1,Robert Jones,Match Report,15.9,1.0,2024,Bournemouth,1,NottinghamForest,2.4,0.6,1.8,2.12,0.82,1.2999999999999998,7.2,15.6,42.6
2023-12-26,15:00,Premier League,Matchweek 19,Tue,Home,W,Fulham,43.0,11099.0,Neto,4-2-3-1,Tim Robinson,Match Report,18.5,0.0,2024,Bournemouth,1,Fulham,2.6,1.0,1.6,1.9599999999999997,0.9199999999999999,1.0399999999999998,6.4,15.4,46.2
2023-12-31,14:00,Premier League,Matchweek 20,Sun,Away,L,Tottenham,50.0,61780.0,Neto,4-2-3-1,Simon Hooper,Match Report,17.2,1.0,2024,Bournemouth,0,TottenhamHotspur,2.6,0.8,1.8,1.7399999999999998,0.82,0.9199999999999999,4.8,13.8,44.0
2024-01-21,16:30,Premier League,Matchweek 21,Sun,Home,L,Liverpool,40.0,11228.0,Neto,4-2-3-1,Andy Madley,Match Report,19.8,0.0,2024,Bournemouth,0,Liverpool,2.4,1.0,1.4,1.6800000000000002,1.14,0.54,4.2,15.6,46.4
2024-02-01,19:30,Premier League,Matchweek 22,Thu,Away,D,West Ham,52.0,62478.0,Neto,4-2-3-1,Tim Robinson,Match Report,17.2,0.0,2024,Bournemouth,0,WestHamUnited,2.0,1.8,0.2,1.6,1.2399999999999998,0.36,3.6,15.6,46.2
2024-02-04,14:00,Premier League,Matchweek 23,Sun,Home,D,Nott'ham Forest,45.0,11200.0,Neto,4-2-3-1,Rebecca Welch,Match Report,16.7,1.0,2024,Bournemouth,0,NottinghamForest,1.6,2.0,-0.4,1.54,1.3,0.24000000000000005,3.6,15.4,50.2
2024-02-10,15:00,Premier League,Matchweek 24,Sat,Away,L,Fulham,51.0,24271.0,Neto,4-2-3-1,Darren England,Match Report,16.7,1.0,2024,Bournemouth,0,Fulham,1.2,1.8,-0.6,1.48,1.2,0.28,2.6,13.6,46.0
2024-02-17,15:00,Premier League,Matchweek 25,Sat,Away,D,Newcastle Utd,38.0,52224.0,Neto,4-2-3-1,Michael Salisbury,Match Report,20.3,0.0,2024,Bournemouth,0,NewcastleUnited,0.8,2.4,-1.6,1.48,1.4600000000000002,0.020000000000000018,2.8,15.6,47.6
2024-02-24,17:30,Premier League,Matchweek 26,Sat,Home,L,Manchester City,38.0,11184.0,Neto,4-2-3-1,Jarred Gillett,Match Report,17.1,0.0,2024,Bournemouth,0,ManchesterCity,1.0,2.2,-1.2,1.58,1.44,0.13999999999999999,3.2,13.2,45.2
2024-03-03,13:00,Premier League,Matchweek 27,Sun,Away,W,Burnley,26.0,19713.0,Neto,4-2-3-1,David Coote,Match Report,15.1,1.0,2024,Bournemouth,1,Burnley,1.0,1.6,-0.6,1.48,1.46,0.019999999999999997,3.8,13.6,44.8
2024-03-09,15:00,Premier League,Matchweek 28,Sat,Home,D,Sheffield Utd,69.0,11074.0,Neto,4-2-3-1,Anthony Taylor,Match Report,16.9,0.0,2024,Bournemouth,0,SheffieldUnited,1.2,1.4,-0.2,1.4600000000000002,1.48,-0.019999999999999997,3.6,13.8,39.6
2024-03-13,19:30,Premier League,Matchweek 17,Wed,Home,W,Luton Town,59.0,11198.0,Neto,4-2-3-1,Samuel Allison,Match Report,15.5,0.0,2024,Bournemouth,1,LutonTown,1.4,1.6,-0.2,1.86,1.6199999999999999,0.23999999999999994,5.6,18.2,44.4
2024-03-30,15:00,Premier League,Matchweek 30,Sat,Home,W,Everton,48.0,11207.0,Neto,4-2-3-1,Samuel Barrott,Match Report,15.6,1.0,2024,Bournemouth,1,Everton,2.0,1.6,0.4,1.9599999999999997,1.7,0.2599999999999999,6.6,18.0,46.0
2024-04-02,19:45,Premier League,Matchweek 31,Tue,Home,W,Crystal Palace,50.0,11058.0,Neto,4-3-3,Graham Scott,Match Report,18.7,2.0,2024,Bournemouth,1,CrystalPalace,2.0,1.4,0.6,1.78,1.46,0.31999999999999995,6.2,17.8,48.0
2024-04-06,15:00,Premier League,Matchweek 32,Sat,Away,L,Luton Town,45.0,11797.0,Neto,4-2-3-1,Andy Madley,Match Report,19.1,1.0,2024,Bournemouth,0,LutonTown,2.2,1.2,1.0,1.8199999999999998,1.1800000000000002,0.64,6.6,17.4,50.4
2024-04-13,17:30,Premier League,Matchweek 33,Sat,Home,D,Manchester Utd,43.0,11229.0,Neto,4-2-3-1,Tony Harrington,Match Report,16.8,1.0,2024,Bournemouth,0,ManchesterUnited,2.0,1.6,0.4,1.6800000000000002,1.1800000000000002,0.5,6.2,17.0,54.2
2024-04-21,15:00,Premier League,Matchweek 34,Sun,Away,L,Aston Villa,44.0,42189.0,Neto,4-2-3-1,Tim Robinson,Match Report,16.4,0.0,2024,Bournemouth,0,AstonVilla,2.0,1.6,0.4,1.3399999999999999,1.1800000000000002,0.16000000000000006,5.0,14.8,49.0
2024-04-24,19:45,Premier League,Matchweek 29,Wed,Away,W,Wolves,37.0,25541.0,Adam Smith,4-2-3-1,Stuart Attwell,Match Report,16.7,0.0,2024,Bournemouth,1,WolverhamptonWanderers,1.4,1.6,-0.2,1.2400000000000002,1.26,-0.019999999999999886,4.0,12.6,46.0
2024-04-28,14:00,Premier League,Matchweek 35,Sun,Home,W,Brighton,31.0,11188.0,Adam Smith,4-4-2,Paul Tierney,Match Report,14.4,1.0,2024,Bournemouth,1,BrightonandHoveAlbion,1.2,1.4,-0.2,1.3599999999999999,1.16,0.2000000000000001,4.4,14.6,43.8
2024-05-04,12:30,Premier League,Matchweek 36,Sat,Away,L,Arsenal,45.0,60348.0,Adam Smith,4-3-3,David Coote,Match Report,20.4,1.0,2024,Bournemouth,0,Arsenal,1.6,1.4,0.2,1.52,1.3,0.22000000000000003,4.4,15.4,40.0
2024-05-11,15:00,Premier League,Matchweek 37,Sat,Home,L,Brentford,48.0,11154.0,Adam Smith,4-2-3-1,Matt Donohue,Match Report,17.1,0.0,2024,Bournemouth,0,Brentford,1.4,1.6,-0.2,1.54,1.6599999999999997,-0.11999999999999993,4.6,15.2,40.0
2024-05-19,16:00,Premier League,Matchweek 38,Sun,Away,L,Chelsea,39.0,39724.0,Neto,4-2-3-1,Anthony Taylor,Match Report,16.8,0.0,2024,Bournemouth,0,Chelsea,1.2,1.6,-0.4,1.3599999999999999,1.64,-0.27999999999999997,4.4,13.8,41.0
2023-08-12,15:00,Premier League,Matchweek 1,Sat,Away,W,Everton,58.0,39940.0,Tom Cairney,4-3-3,Stuart Attwell,Match Report,13.2,0.0,2024,Fulham,1,Everton,,,,,,,,,
2023-08-19,15:00,Premier League,Matchweek 2,Sat,Home,L,Brentford,55.0,24236.0,Tim Ream,4-3-3,Darren Bond,Match Report,22.3,1.0,2024,Fulham,0,Brentford,,,,,,,,,
2023-08-26,15:00,Premier League,Matchweek 3,Sat,Away,D,Arsenal,29.0,59961.0,Bobby Reid,4-3-3,Paul Tierney,Match Report,17.8,0.0,2024,Fulham,0,Arsenal,,,,,,,,,
2023-09-02,15:00,Premier League,Matchweek 4,Sat,Away,L,Manchester City,32.0,52899.0,Tom Cairney,4-3-3,Michael Oliver,Match Report,11.4,0.0,2024,Fulham,0,ManchesterCity,,,,,,,,,
2023-09-16,15:00,Premier League,Matchweek 5,Sat,Home,W,Luton Town,77.0,24467.0,Tim Ream,4-3-3,Michael Salisbury,Match Report,19.5,2.0,2024,Fulham,1,LutonTown,,,,,,,,,
2023-09-23,15:00,Premier League,Matchweek 6,Sat,Away,D,Crystal Palace,49.0,25072.0,Tim Ream,4-3-3,Paul Tierney,Match Report,18.7,1.0,2024,Fulham,0,CrystalPalace,1.0,2.0,-1.0,1.0,2.58,-1.58,2.6,9.2,50.2
2023-10-02,20:00,Premier League,Matchweek 7,Mon,Home,L,Chelsea,56.0,24445.0,Tim Ream,4-3-3,Tim Robinson,Match Report,13.2,0.0,2024,Fulham,0,Chelsea,0.8,2.0,-1.2,0.82,2.1,-1.28,3.2,9.4,48.4
2023-10-07,15:00,Premier League,Matchweek 8,Sat,Home,W,Sheffield Utd,60.0,24361.0,Tim Ream,4-3-3,Samuel Barrott,Match Report,20.2,0.0,2024,Fulham,1,SheffieldUnited,0.8,1.8,-1.0,0.9400000000000001,1.7,-0.76,3.4,9.4,48.6
2023-10-23,20:00,Premier League,Matchweek 9,Mon,Away,L,Tottenham,45.0,61286.0,Tim Ream,4-2-3-1,Anthony Taylor,Match Report,17.6,0.0,2024,Fulham,0,TottenhamHotspur,1.0,1.6,-0.6,1.2600000000000002,1.1800000000000002,0.07999999999999999,4.0,11.8,54.8
2023-10-29,14:00,Premier League,Matchweek 10,Sun,Away,D,Brighton,29.0,31550.0,Tim Ream,4-2-3-1,Michael Salisbury,Match Report,19.3,0.0,2024,Fulham,0,BrightonandHoveAlbion,0.8,1.0,-0.2,1.1800000000000002,1.04,0.14000000000000004,3.8,12.6,57.4
2023-11-04,12:30,Premier League,Matchweek 11,Sat,Home,L,Manchester Utd,45.0,24415.0,Tim Ream,4-2-3-1,John Brooks,Match Report,18.6,1.0,2024,Fulham,0,ManchesterUnited,0.8,1.2,-0.4,1.12,1.1,0.020000000000000063,4.4,12.0,47.8
2023-11-12,14:00,Premier League,Matchweek 12,Sun,Away,L,Aston Villa,49.0,41608.0,Tim Ream,4-2-3-1,Simon Hooper,Match Report,19.5,0.0,2024,Fulham,0,AstonVilla,0.8,1.4,-0.6,1.2000000000000002,1.18,0.020000000000000073,3.8,13.6,47.0
2023-11-27,20:00,Premier League,Matchweek 13,Mon,Home,W,Wolves,60.0,24366.0,Tom Cairney,4-2-3-1,Michael Salisbury,Match Report,22.9,0.0,2024,Fulham,1,WolverhamptonWanderers,1.0,1.6,-0.6,1.16,1.44,-0.27999999999999997,4.2,13.4,45.6
2023-12-03,14:00,Premier League,Matchweek 14,Sun,Away,L,Liverpool,39.0,50124.0,Tim Ream,4-2-3-1,Stuart Attwell,Match Report,13.3,0.0,2024,Fulham,0,Liverpool,1.0,1.8,-0.8,1.3,1.6,-0.3,3.8,11.4,45.6
2023-12-06,19:30,Premier League,Matchweek 15,Wed,Home,W,Nott'ham Forest,63.0,24105.0,Tom Cairney,4-2-3-1,Joshua Smith,Match Report,17.3,1.0,2024,Fulham,1,NottinghamForest,1.6,2.2,-0.6,1.34,1.72,-0.38,4.2,11.2,44.4
2023-12-10,14:00,Premier League,Matchweek 16,Sun,Home,W,West Ham,63.0,23988.0,Tom Cairney,4-2-3-1,Paul Tierney,Match Report,17.7,0.0,2024,Fulham,1,WestHamUnited,2.4,2.0,0.4,1.7,1.4999999999999998,0.2,4.4,12.0,51.2
2023-12-16,15:00,Premier League,Matchweek 17,Sat,Away,L,Newcastle Utd,30.0,52055.0,Tom Cairney,4-2-3-1,Samuel Barrott,Match Report,23.1,0.0,2024,Fulham,0,NewcastleUnited,3.4,1.8,1.6,1.9600000000000002,1.6199999999999999,0.33999999999999997,5.6,11.2,54.8
2023-12-23,15:00,Premier League,Matchweek 18,Sat,Home,L,Burnley,66.0,23598.0,Tom Cairney,4-2-3-1,Rebecca Welch,Match Report,16.3,1.0,2024,Fulham,0,Burnley,3.2,1.8,1.4,1.8399999999999999,1.72,0.11999999999999993,5.4,10.6,51.0
2023-12-26,15:00,Premier League,Matchweek 19,Tue,Away,L,Bournemouth,57.0,11099.0,Tom Cairney,4-2-3-1,Tim Robinson,Match Report,21.6,1.0,2024,Fulham,0,Bournemouth,2.6,1.8,0.8,1.52,1.52,-6.661338147750939e-17,5.6,12.4,52.2
2023-12-31,14:00,Premier League,Matchweek 20,Sun,Home,W,Arsenal,40.0,24444.0,Tom Cairney,4-2-3-1,Joshua Smith,Match Report,18.2,1.0,2024,Fulham,1,Arsenal,2.0,1.6,0.4,1.34,1.4600000000000002,-0.12000000000000004,5.2,12.2,55.8
2024-01-13,12:30,Premier League,Matchweek 21,Sat,Away,L,Chelsea,45.0,39643.0,Tom Cairney,4-2-3-1,Anthony Taylor,Match Report,22.0,2.0,2024,Fulham,0,Chelsea,1.4,1.8,-0.4,1.08,1.7200000000000002,-0.64,4.8,12.4,51.2
2024-01-30,19:45,Premier League,Matchweek 22,Tue,Home,D,Everton,70.0,24376.0,Tom Cairney,4-2-3-1,Thomas Bramall,Match Report,17.3,0.0,2024,Fulham,0,Everton,0.4,2.0,-1.6,0.78,1.9,-1.12,4.0,12.4,47.6
2024-02-03,15:00,Premier League,Matchweek 23,Sat,Away,D,Burnley,56.0,20203.0,Tim Ream,4-2-3-1,Darren Bond,Match Report,13.2,0.0,2024,Fulham,0,Burnley,0.4,1.4,-1.0,1.04,1.58,-0.54,4.2,16.2,55.6
2024-02-10,15:00,Premier League,Matchweek 24,Sat,Home,W,Bournemouth,49.0,24271.0,Tom Cairney,4-2-3-1,Darren England,Match Report,11.4,0.0,2024,Fulham,1,Bournemouth,0.8,1.4,-0.6,1.08,1.86,-0.78,4.6,15.4,53.6
2024-02-17,15:00,Premier League,Matchweek 25,Sat,Home,L,Aston Villa,52.0,24401.0,Tom Cairney,4-2-3-1,Lewis Smith,Match Report,14.7,0.0,2024,Fulham,0,AstonVilla,1.4,1.0,0.4,1.34,1.86,-0.52,5.2,15.2,52.0
2024-02-24,15:00,Premier League,Matchweek 26,Sat,Away,W,Manchester Utd,43.0,73487.0,Harrison Reed,4-2-3-1,Michael Oliver,Match Report,17.1,0.0,2024,Fulham,1,ManchesterUnited,1.2,1.2,0.0,1.4,1.8399999999999999,-0.44000000000000006,5.2,15.2,54.4
2024-03-02,15:00,Premier League,Matchweek 27,Sat,Home,W,Brighton,30.0,24460.0,Harrison Reed,4-2-3-1,Simon Hooper,Match Report,14.6,0.0,2024,Fulham,1,BrightonandHoveAlbion,1.6,1.2,0.4,1.48,1.7399999999999998,-0.25999999999999995,5.4,15.8,54.0
2024-03-09,15:00,Premier League,Matchweek 28,Sat,Away,L,Wolves,52.0,30860.0,Harrison Reed,4-2-3-1,Tony Harrington,Match Report,14.1,0.0,2024,Fulham,0,WolverhamptonWanderers,2.2,1.2,1.0,1.42,1.6199999999999999,-0.2,5.4,13.2,46.0
2024-03-16,17:30,Premier League,Matchweek 29,Sat,Home,W,Tottenham,43.0,24410.0,Bernd Leno,4-2-3-1,Robert Jones,Match Report,12.7,0.0,2024,Fulham,1,TottenhamHotspur,2.0,1.2,0.8,1.64,1.42,0.22000000000000003,5.2,14.8,45.2
2024-03-30,15:00,Premier League,Matchweek 30,Sat,Away,D,Sheffield Utd,73.0,30010.0,Bernd Leno,4-2-3-1,Tim Robinson,Match Report,17.6,0.0,2024,Fulham,0,SheffieldUnited,2.0,1.0,1.0,1.8400000000000003,1.54,0.30000000000000004,5.4,16.6,44.0
2024-04-02,19:30,Premier League,Matchweek 31,Tue,Away,L,Nott'ham Forest,66.0,28997.0,Bernd Leno,4-2-3-1,Michael Oliver,Match Report,12.3,0.0,2024,Fulham,0,NottinghamForest,2.4,1.2,1.2,1.8,1.6199999999999999,0.18000000000000008,6.4,18.4,48.2
2024-04-06,15:00,Premier League,Matchweek 32,Sat,Home,L,Newcastle Utd,66.0,24418.0,Tom Cairney,4-2-3-1,Samuel Allison,Match Report,17.6,0.0,2024,Fulham,0,NewcastleUnited,2.2,1.6,0.6,1.86,1.58,0.2800000000000001,6.0,18.6,52.8
2024-04-14,14:00,Premier League,Matchweek 33,Sun,Away,W,West Ham,42.0,62459.0,Bernd Leno,4-2-3-1,Stuart Attwell,Match Report,15.1,0.0,2024,Fulham,1,WestHamUnited,1.6,1.8,-0.2,1.8399999999999999,1.52,0.32000000000000006,5.8,19.0,60.0
2024-04-21,16:30,Premier League,Matchweek 34,Sun,Home,L,Liverpool,40.0,24414.0,Bobby Reid,4-2-3-1,Craig Pawson,Match Report,17.1,1.0,2024,Fulham,0,Liverpool,1.8,1.4,0.4,1.9600000000000002,1.54,0.4200000000000001,6.6,18.0,58.0
2024-04-27,15:00,Premier League,Matchweek 35,Sat,Home,D,Crystal Palace,53.0,24142.0,Harrison Reed,4-2-3-1,Stuart Attwell,Match Report,14.9,0.0,2024,Fulham,0,CrystalPalace,1.4,2.0,-0.6,1.6,1.26,0.3400000000000001,6.2,17.2,57.4
2024-05-04,15:00,Premier League,Matchweek 36,Sat,Away,D,Brentford,46.0,17090.0,Bernd Leno,4-2-3-1,Graham Scott,Match Report,17.4,0.0,2024,Fulham,0,Brentford,1.0,1.6,-0.6,1.56,1.08,0.4800000000000001,4.8,14.2,53.4
2024-05-11,12:30,Premier League,Matchweek 37,Sat,Home,L,Manchester City,36.0,24418.0,Bobby Reid,4-2-3-1,Anthony Taylor,Match Report,9.6,0.0,2024,Fulham,0,ManchesterCity,0.8,1.0,-0.2,1.52,0.9,0.6200000000000001,4.8,13.6,49.4
2024-05-19,16:00,Premier League,Matchweek 38,Sun,Away,W,Luton Town,59.0,12027.0,Tim Ream,4-2-3-1,Matt Donohue,Match Report,21.6,2.0,2024,Fulham,1,LutonTown,0.8,1.6,-0.8,1.3000000000000003,1.34,-0.039999999999999945,4.2,11.0,43.4
2023-08-14,20:00,Premier League,Matchweek 1,Mon,Away,L,Manchester Utd,49.0,73358.0,Max Kilman,4-4-2,Simon Hooper,Match Report,15.3,0.0,2024,WolverhamptonWanderers,0,ManchesterUnited,,,,,,,,,
2023-08-19,15:00,Premier League,Matchweek 2,Sat,Home,L,Brighton,47.0,31317.0,Max Kilman,4-4-1-1,Andy Madley,Match Report,16.1,0.0,2024,WolverhamptonWanderers,0,BrightonandHoveAlbion,,,,,,,,,
2023-08-26,15:00,Premier League,Matchweek 3,Sat,Away,W,Everton,53.0,38851.0,Max Kilman,4-4-1-1,Craig Pawson,Match Report,17.8,1.0,2024,WolverhamptonWanderers,1,Everton,,,,,,,,,
2023-09-03,14:00,Premier League,Matchweek 4,Sun,Away,L,Crystal Palace,57.0,24741.0,Max Kilman,4-4-2,Robert Jones,Match Report,16.2,0.0,2024,WolverhamptonWanderers,0,CrystalPalace,,,,,,,,,
2023-09-16,12:30,Premier League,Matchweek 5,Sat,Home,L,Liverpool,35.0,31257.0,Max Kilman,4-2-3-1,Michael Oliver,Match Report,18.7,0.0,2024,WolverhamptonWanderers,0,Liverpool,,,,,,,,,
2023-09-23,15:00,Premier League,Matchweek 6,Sat,Away,D,Luton Town,43.0,10893.0,Max Kilman,4-2-3-1,Joshua Smith,Match Report,7.0,0.0,2024,WolverhamptonWanderers,0,LutonTown,1.0,2.2,-1.2,1.44,2.06,-0.62,3.8,14.6,48.2
2023-09-30,15:00,Premier League,Matchweek 7,Sat,Home,W,Manchester City,32.0,31415.0,Max Kilman,3-4-3,Craig Pawson,Match Report,11.4,0.0,2024,WolverhamptonWanderers,1,ManchesterCity,1.2,2.2,-1.0,1.1199999999999999,2.04,-0.9199999999999999,3.2,10.6,47.0
2023-10-08,14:00,Premier League,Matchweek 8,Sun,Home,D,Aston Villa,47.0,31425.0,Max Kilman,3-4-3,Robert Jones,Match Report,16.0,0.0,2024,WolverhamptonWanderers,0,AstonVilla,1.4,1.6,-0.2,0.78,1.78,-1.0,2.4,8.0,44.0
2023-10-21,15:00,Premier League,Matchweek 9,Sat,Away,W,Bournemouth,65.0,11175.0,Max Kilman,3-4-3,Paul Tierney,Match Report,16.2,0.0,2024,WolverhamptonWanderers,1,Bournemouth,1.4,1.8,-0.4,0.9,1.8400000000000003,-0.9400000000000001,2.6,7.4,42.8
2023-10-28,17:30,Premier League,Matchweek 10,Sat,Home,D,Newcastle Utd,43.0,31584.0,Max Kilman,4-4-2,Anthony Taylor,Match Report,17.2,1.0,2024,WolverhamptonWanderers,0,NewcastleUnited,1.4,1.4,0.0,1.14,1.54,-0.4,3.2,9.2,44.4
2023-11-04,15:00,Premier League,Matchweek 11,Sat,Away,L,Sheffield Utd,61.0,29454.0,Max Kilman,4-4-1-1,Robert Jones,Match Report,17.5,1.0,2024,WolverhamptonWanderers,0,SheffieldUnited,1.6,1.2,0.4,1.2,1.48,-0.28000000000000014,4.0,9.2,46.0
2023-11-11,12:30,Premier League,Matchweek 12,Sat,Home,W,Tottenham,42.0,31642.0,Max Kilman,3-5-2,Tim Robinson,Match Report,18.5,0.0,2024,WolverhamptonWanderers,1,TottenhamHotspur,1.6,1.4,0.2,1.32,1.2600000000000002,0.05999999999999987,4.0,10.6,49.6
2023-11-27,20:00,Premier League,Matchweek 13,Mon,Away,L,Fulham,40.0,24366.0,Max Kilman,3-5-2,Michael Salisbury,Match Report,16.6,0.0,2024,WolverhamptonWanderers,0,Fulham,1.6,1.4,0.2,1.6600000000000001,1.2200000000000002,0.43999999999999984,4.6,13.4,51.6
2023-12-02,15:00,Premier League,Matchweek 14,Sat,Away,L,Arsenal,43.0,60262.0,Max Kilman,3-5-2,Peter Bankes,Match Report,10.8,0.0,2024,WolverhamptonWanderers,0,Arsenal,1.8,1.8,0.0,1.6,1.48,0.11999999999999997,5.0,13.6,50.2
2023-12-05,19:30,Premier League,Matchweek 15,Tue,Home,W,Burnley,51.0,30439.0,Max Kilman,3-4-3,Jarred Gillett,Match Report,15.8,1.0,2024,WolverhamptonWanderers,1,Burnley,1.6,2.0,-0.4,1.26,1.92,-0.6599999999999999,4.2,10.6,45.8
2023-12-09,15:00,Premier League,Matchweek 16,Sat,Home,D,Nott'ham Forest,68.0,31543.0,Max Kilman,3-4-3,Samuel Barrott,Match Report,15.2,0.0,2024,WolverhamptonWanderers,0,NottinghamForest,1.4,1.6,-0.2,1.24,1.6599999999999997,-0.41999999999999993,3.8,9.8,47.4
2023-12-17,14:00,Premier League,Matchweek 17,Sun,Away,L,West Ham,55.0,62455.0,Max Kilman,3-4-3,Chris Kavanagh,Match Report,20.5,0.0,2024,WolverhamptonWanderers,0,WestHamUnited,1.4,1.4,0.0,1.24,1.72,-0.48,4.0,9.8,48.8
2023-12-24,13:00,Premier League,Matchweek 18,Sun,Home,W,Chelsea,32.0,31641.0,Max Kilman,3-4-3,David Coote,Match Report,16.7,1.0,2024,WolverhamptonWanderers,1,Chelsea,1.0,1.8,-0.8,0.9599999999999997,1.8,-0.8400000000000001,3.8,9.2,51.4
2023-12-27,19:30,Premier League,Matchweek 19,Wed,Away,W,Brentford,40.0,17109.0,Max Kilman,3-4-3,Andy Madley,Match Report,17.8,0.0,2024,WolverhamptonWanderers,1,Brentford,1.0,1.4,-0.4,0.9400000000000001,1.6199999999999999,-0.6799999999999999,4.0,10.2,49.8
2023-12-30,15:00,Premier League,Matchweek 20,Sat,Home,W,Everton,53.0,31639.0,Max Kilman,3-4-3,Thomas Bramall,Match Report,13.4,0.0,2024,WolverhamptonWanderers,1,Everton,1.6,1.2,0.4,1.2799999999999998,1.5,-0.2200000000000001,4.4,11.2,49.2
2024-01-22,19:45,Premier League,Matchweek 21,Mon,Away,D,Brighton,28.0,41505.0,Max Kilman,3-4-3,Craig Pawson,Match Report,18.6,0.0,2024,WolverhamptonWanderers,0,BrightonandHoveAlbion,2.0,1.2,0.8,1.5,1.4,0.09999999999999991,4.8,12.2,49.6
2024-02-01,20:15,Premier League,Matchweek 22,Thu,Home,L,Manchester Utd,53.0,31641.0,Max Kilman,3-4-3,Jarred Gillett,Match Report,16.6,1.0,2024,WolverhamptonWanderers,0,ManchesterUnited,1.8,1.0,0.8,1.48,1.34,0.13999999999999993,4.6,11.8,41.6
2024-02-04,14:00,Premier League,Matchweek 23,Sun,Away,W,Chelsea,36.0,39628.0,Max Kilman,3-4-3,Tim Robinson,Match Report,16.6,2.0,2024,WolverhamptonWanderers,1,Chelsea,2.4,1.2,1.2,1.7599999999999998,1.7799999999999998,-0.020000000000000018,5.0,12.0,41.2
2024-02-10,15:00,Premier League,Matchweek 24,Sat,Home,L,Brentford,71.0,30731.0,Max Kilman,3-4-3,Simon Hooper,Match Report,17.2,1.0,2024,WolverhamptonWanderers,0,Brentford,2.8,1.4,1.4,1.9,1.72,0.18,5.0,11.8,42.0
2024-02-17,15:00,Premier League,Matchweek 25,Sat,Away,W,Tottenham,29.0,61532.0,José Sá,3-4-3,Anthony Taylor,Match Report,15.9,0.0,2024,WolverhamptonWanderers,1,TottenhamHotspur,2.0,1.6,0.4,1.6199999999999999,1.6600000000000001,-0.039999999999999925,5.0,13.0,48.2
2024-02-25,13:30,Premier League,Matchweek 26,Sun,Home,W,Sheffield Utd,63.0,30789.0,Max Kilman,3-4-3,Darren Bond,Match Report,14.6,0.0,2024,WolverhamptonWanderers,1,SheffieldUnited,1.8,1.8,0.0,1.6,1.9,-0.29999999999999993,5.2,13.0,43.4
2024-03-02,15:00,Premier League,Matchweek 27,Sat,Away,L,Newcastle Utd,56.0,52206.0,Max Kilman,3-4-3,Tim Robinson,Match Report,15.9,0.0,2024,WolverhamptonWanderers,0,NewcastleUnited,2.0,1.8,0.2,1.64,1.8199999999999998,-0.17999999999999997,5.0,14.0,50.4
2024-03-09,15:00,Premier League,Matchweek 28,Sat,Home,W,Fulham,48.0,30860.0,Max Kilman,4-2-3-1,Tony Harrington,Match Report,16.3,0.0,2024,WolverhamptonWanderers,1,Fulham,1.4,1.6,-0.2,1.3800000000000001,1.58,-0.2,4.6,13.4,51.0
2024-03-30,17:30,Premier League,Matchweek 30,Sat,Away,L,Aston Villa,52.0,42640.0,Max Kilman,3-4-3,Paul Tierney,Match Report,14.6,1.0,2024,WolverhamptonWanderers,0,AstonVilla,1.0,1.4,-0.4,1.1400000000000001,1.7600000000000002,-0.6200000000000001,4.0,12.4,53.4
2024-04-02,19:45,Premier League,Matchweek 31,Tue,Away,D,Burnley,49.0,21528.0,Max Kilman,4-4-1-1,Thomas Bramall,Match Report,12.4,0.0,2024,WolverhamptonWanderers,0,Burnley,1.0,1.4,-0.4,1.2400000000000002,1.58,-0.3400000000000001,3.6,11.6,49.6
2024-04-06,15:00,Premier League,Matchweek 32,Sat,Home,L,West Ham,58.0,31504.0,Max Kilman,3-4-3,Tony Harrington,Match Report,25.4,1.0,2024,WolverhamptonWanderers,0,WestHamUnited,0.8,1.4,-0.6,1.06,1.52,-0.4600000000000001,2.6,10.8,53.6
2024-04-13,15:00,Premier League,Matchweek 33,Sat,Away,D,Nott'ham Forest,54.0,29604.0,Max Kilman,3-4-1-2,Craig Pawson,Match Report,16.1,0.0,2024,WolverhamptonWanderers,0,NottinghamForest,0.8,1.8,-1.0,1.1,1.64,-0.5400000000000001,3.4,10.8,52.6
2024-04-20,19:30,Premier League,Matchweek 34,Sat,Home,L,Arsenal,46.0,31621.0,Max Kilman,4-4-2,Paul Tierney,Match Report,20.1,0.0,2024,WolverhamptonWanderers,0,Arsenal,1.2,1.6,-0.4,1.1400000000000001,1.6,-0.4600000000000001,3.4,10.6,52.2
2024-04-24,19:45,Premier League,Matchweek 29,Wed,Home,L,Bournemouth,63.0,25541.0,Max Kilman,4-1-4-1,Stuart Attwell,Match Report,20.1,0.0,2024,WolverhamptonWanderers,0,Bournemouth,0.8,1.8,-1.0,1.02,1.3199999999999998,-0.3,3.4,10.0,51.8
2024-04-27,15:00,Premier League,Matchweek 35,Sat,Home,W,Luton Town,58.0,31531.0,Max Kilman,3-5-1-1,David Coote,Match Report,18.8,0.0,2024,WolverhamptonWanderers,1,LutonTown,0.8,1.6,-0.8,0.82,1.5,-0.6799999999999999,3.6,10.4,54.0
2024-05-04,17:30,Premier League,Matchweek 36,Sat,Away,L,Manchester City,42.0,52439.0,Max Kilman,3-5-2,Craig Pawson,Match Report,9.0,0.0,2024,WolverhamptonWanderers,0,ManchesterCity,1.0,1.6,-0.6,0.8800000000000001,1.3599999999999999,-0.48,4.2,11.4,55.8
2024-05-11,15:00,Premier League,Matchweek 37,Sat,Home,L,Crystal Palace,62.0,31424.0,Max Kilman,3-5-1-1,Thomas Bramall,Match Report,14.6,0.0,2024,WolverhamptonWanderers,0,CrystalPalace,1.0,2.2,-1.2,0.6399999999999999,1.86,-1.22,3.2,9.2,52.6
2024-05-19,16:00,Premier League,Matchweek 38,Sun,Away,L,Liverpool,33.0,60059.0,Max Kilman,3-5-1-1,Chris Kavanagh,Match Report,19.0,1.0,2024,WolverhamptonWanderers,0,Liverpool,0.8,2.4,-1.6,0.76,2.0,-1.2400000000000002,4.2,9.8,54.2
2023-08-12,15:00,Premier League,Matchweek 1,Sat,Home,L,Fulham,42.0,39940.0,James Tarkowski,4-4-1-1,Stuart Attwell,Match Report,15.8,0.0,2024,Everton,0,Fulham,,,,,,,,,
2023-08-20,14:00,Premier League,Matchweek 2,Sun,Away,L,Aston Villa,40.0,41694.0,James Tarkowski,4-1-4-1,Anthony Taylor,Match Report,14.7,0.0,2024,Everton,0,AstonVilla,,,,,,,,,
2023-08-26,15:00,Premier League,Matchweek 3,Sat,Home,L,Wolves,47.0,38851.0,James Tarkowski,4-1-4-1,Craig Pawson,Match Report,13.8,0.0,2024,Everton,0,WolverhamptonWanderers,,,,,,,,,
2023-09-02,12:30,Premier League,Matchweek 4,Sat,Away,D,Sheffield Utd,54.0,31124.0,James Tarkowski,4-4-1-1,Andy Madley,Match Report,14.8,2.0,2024,Everton,0,SheffieldUnited,,,,,,,,,
2023-09-17,16:30,Premier League,Matchweek 5,Sun,Home,L,Arsenal,26.0,39217.0,James Tarkowski,4-5-1,Simon Hooper,Match Report,21.6,0.0,2024,Everton,0,Arsenal,,,,,,,,,
2023-09-23,17:30,Premier League,Matchweek 6,Sat,Away,W,Brentford,43.0,16981.0,James Tarkowski,4-4-1-1,Michael Oliver,Match Report,17.8,0.0,2024,Everton,1,Brentford,0.4,1.8,-1.4,1.48,1.54,-0.05999999999999992,5.0,13.4,41.8
2023-09-30,15:00,Premier League,Matchweek 7,Sat,Home,L,Luton Town,67.0,39289.0,James Tarkowski,4-4-1-1,Anthony Taylor,Match Report,14.4,0.0,2024,Everton,0,LutonTown,1.0,1.8,-0.8,1.3199999999999998,1.44,-0.11999999999999997,4.4,13.2,42.0
2023-10-07,15:00,Premier League,Matchweek 8,Sat,Home,W,Bournemouth,48.0,38815.0,James Tarkowski,4-4-1-1,David Coote,Match Report,15.8,0.0,2024,Everton,1,Bournemouth,1.2,1.4,-0.2,1.78,1.04,0.74,4.8,16.0,47.4
2023-10-21,12:30,Premier League,Matchweek 9,Sat,Away,L,Liverpool,23.0,50201.0,James Tarkowski,4-4-1-1,Craig Pawson,Match Report,35.2,0.0,2024,Everton,0,Liverpool,1.8,1.2,0.6,2.0,0.96,1.04,5.0,18.0,47.6
2023-10-29,13:00,Premier League,Matchweek 10,Sun,Away,W,West Ham,36.0,62469.0,James Tarkowski,4-4-1-1,Stuart Attwell,Match Report,17.4,0.0,2024,Everton,1,WestHamUnited,1.4,1.2,0.2,1.52,1.16,0.36,4.0,16.0,41.4
2023-11-04,15:00,Premier League,Matchweek 11,Sat,Home,D,Brighton,21.0,38683.0,James Tarkowski,4-4-1-1,Tim Robinson,Match Report,14.4,1.0,2024,Everton,0,BrightonandHoveAlbion,1.6,1.0,0.6,1.6199999999999999,1.1,0.52,4.6,16.4,43.4
2023-11-11,15:00,Premier League,Matchweek 12,Sat,Away,W,Crystal Palace,33.0,25103.0,James Tarkowski,4-4-1-1,Samuel Barrott,Match Report,14.5,0.0,2024,Everton,1,CrystalPalace,1.2,1.0,0.2,1.3800000000000001,1.0,0.38,4.2,14.8,39.0
2023-11-26,16:30,Premier League,Matchweek 13,Sun,Home,L,Manchester Utd,51.0,39257.0,James Tarkowski,4-4-1-1,John Brooks,Match Report,16.9,0.0,2024,Everton,0,ManchesterUnited,1.6,1.0,0.6,1.1,1.2600000000000002,-0.16000000000000006,4.2,11.8,32.2
2023-12-02,17:30,Premier League,Matchweek 14,Sat,Away,W,Nott'ham Forest,39.0,29404.0,James Tarkowski,4-4-1-1,Paul Tierney,Match Report,20.8,1.0,2024,Everton,1,NottinghamForest,1.0,1.6,-0.6,1.1,1.56,-0.4600000000000001,3.8,11.6,32.8
2023-12-07,19:30,Premier League,Matchweek 15,Thu,Home,W,Newcastle Utd,38.0,38198.0,Séamus Coleman,4-4-1-1,Tim Robinson,Match Report,13.3,0.0,2024,Everton,1,NewcastleUnited,1.2,1.2,0.0,1.2200000000000002,1.2600000000000002,-0.040000000000000126,4.0,12.8,36.0
2023-12-10,14:00,Premier League,Matchweek 16,Sun,Home,W,Chelsea,29.0,39280.0,James Tarkowski,4-4-1-1,Michael Oliver,Match Report,16.4,0.0,2024,Everton,1,Chelsea,1.6,1.2,0.4,1.72,1.4200000000000002,0.2999999999999998,4.4,15.0,36.4
2023-12-16,17:30,Premier League,Matchweek 17,Sat,Away,W,Burnley,39.0,21413.0,James Tarkowski,5-4-1,Anthony Taylor,Match Report,11.8,1.0,2024,Everton,1,Burnley,1.8,1.0,0.8,1.8199999999999998,1.5,0.31999999999999984,4.6,14.8,38.0
2023-12-23,15:00,Premier League,Matchweek 18,Sat,Away,L,Tottenham,39.0,61808.0,James Tarkowski,4-2-3-1,Stuart Attwell,Match Report,15.8,0.0,2024,Everton,0,TottenhamHotspur,1.6,0.6,1.0,1.8,1.2,0.5999999999999999,5.0,15.0,39.2
2023-12-27,20:15,Premier League,Matchweek 19,Wed,Home,L,Manchester City,28.0,39327.0,James Tarkowski,4-2-3-1,John Brooks,Match Report,12.5,0.0,2024,Everton,0,ManchesterCity,1.8,0.4,1.4,1.6800000000000002,1.06,0.6199999999999999,5.4,13.8,36.8
2023-12-30,15:00,Premier League,Matchweek 20,Sat,Away,L,Wolves,47.0,31639.0,James Tarkowski,5-4-1,Thomas Bramall,Match Report,20.7,0.0,2024,Everton,0,WolverhamptonWanderers,1.8,1.0,0.8,1.7399999999999998,1.4,0.33999999999999997,5.4,12.8,34.6
2024-01-14,14:00,Premier League,Matchweek 21,Sun,Home,D,Aston Villa,32.0,39284.0,Séamus Coleman,4-2-3-1,David Coote,Match Report,17.2,1.0,2024,Everton,0,AstonVilla,1.2,1.6,-0.4,1.16,1.48,-0.32,4.2,10.6,36.4
2024-01-30,19:45,Premier League,Matchweek 22,Tue,Away,D,Fulham,30.0,24376.0,James Tarkowski,4-4-1-1,Thomas Bramall,Match Report,14.4,2.0,2024,Everton,0,Fulham,0.8,1.6,-0.8,1.14,1.54,-0.39999999999999997,3.6,10.8,37.0
2024-02-03,12:30,Premier League,Matchweek 23,Sat,Home,D,Tottenham,43.0,39321.0,James Tarkowski,4-4-1-1,Michael Oliver,Match Report,14.3,0.0,2024,Everton,0,TottenhamHotspur,0.4,1.6,-1.2,1.24,1.72,-0.48,2.8,13.2,35.2
2024-02-10,12:30,Premier League,Matchweek 24,Sat,Away,L,Manchester City,28.0,52187.0,James Tarkowski,4-2-3-1,John Brooks,Match Report,22.9,0.0,2024,Everton,0,ManchesterCity,0.6,1.6,-1.0,1.4,1.6199999999999999,-0.22000000000000003,2.0,12.4,36.0
2024-02-19,20:00,Premier League,Matchweek 25,Mon,Home,D,Crystal Palace,61.0,38164.0,James Tarkowski,4-4-1-1,Paul Tierney,Match Report,16.4,1.0,2024,Everton,0,CrystalPalace,0.4,1.4,-1.0,1.2600000000000002,1.46,-0.20000000000000004,1.8,12.0,36.0
2024-02-24,15:00,Premier League,Matchweek 26,Sat,Away,D,Brighton,36.0,41646.0,James Tarkowski,4-4-1-1,Tony Harrington,Match Report,16.0,0.0,2024,Everton,0,BrightonandHoveAlbion,0.6,1.0,-0.4,1.52,1.22,0.29999999999999993,2.6,13.8,38.8
2024-03-02,15:00,Premier League,Matchweek 27,Sat,Home,L,West Ham,55.0,39262.0,James Tarkowski,4-4-1-1,Craig Pawson,Match Report,21.8,0.0,2024,Everton,0,WestHamUnited,0.8,1.2,-0.4,1.36,1.26,0.09999999999999995,2.6,13.0,39.6
2024-03-09,12:30,Premier League,Matchweek 28,Sat,Away,L,Manchester Utd,49.0,73601.0,James Tarkowski,4-4-1-1,Simon Hooper,Match Report,16.9,1.0,2024,Everton,0,ManchesterUnited,1.0,1.8,-0.8,1.52,1.3199999999999998,0.20000000000000004,4.0,13.0,44.6
2024-03-30,15:00,Premier League,Matchweek 30,Sat,Away,L,Bournemouth,52.0,11207.0,Séamus Coleman,4-4-1-1,Samuel Barrott,Match Report,16.0,0.0,2024,Everton,0,Bournemouth,0.6,1.8,-1.2,1.32,1.6600000000000001,-0.33999999999999997,4.4,14.8,45.8
2024-04-02,19:30,Premier League,Matchweek 31,Tue,Away,D,Newcastle Utd,43.0,52135.0,James Tarkowski,4-4-1-1,Tony Harrington,Match Report,17.4,0.0,2024,Everton,0,NewcastleUnited,0.8,1.8,-1.0,1.46,1.6,-0.13999999999999999,4.8,15.2,50.6
2024-04-06,15:00,Premier League,Matchweek 32,Sat,Home,W,Burnley,38.0,39125.0,Séamus Coleman,4-4-1-1,Michael Oliver,Match Report,20.0,1.0,2024,Everton,1,Burnley,0.8,1.8,-1.0,1.4,1.94,-0.54,4.4,13.2,47.0
2024-04-15,20:00,Premier League,Matchweek 33,Mon,Away,L,Chelsea,42.0,39392.0,Séamus Coleman,4-4-1-1,Paul Tierney,Match Report,13.7,0.0,2024,Everton,0,Chelsea,0.8,1.6,-0.8,1.52,1.7600000000000002,-0.24000000000000005,4.6,14.4,47.4
2024-04-21,13:30,Premier League,Matchweek 34,Sun,Home,W,Nott'ham Forest,41.0,39239.0,James Tarkowski,4-1-4-1,Anthony Taylor,Match Report,18.7,0.0,2024,Everton,1,NottinghamForest,0.6,2.2,-1.6,1.28,2.0,-0.7200000000000001,3.2,12.2,44.8
2024-04-24,20:00,Premier League,Matchweek 29,Wed,Home,W,Liverpool,25.0,38222.0,James Tarkowski,4-4-1-1,Andy Madley,Match Report,14.9,0.0,2024,Everton,1,Liverpool,1.0,1.8,-0.8,1.02,1.6400000000000001,-0.6200000000000001,2.8,9.0,43.2
2024-04-27,17:30,Premier League,Matchweek 35,Sat,Home,W,Brentford,48.0,39098.0,James Tarkowski,4-4-1-1,Darren England,Match Report,19.1,1.0,2024,Everton,1,Brentford,1.2,1.4,-0.2,1.06,1.8,-0.7400000000000002,3.4,10.8,37.8
2024-05-03,20:00,Premier League,Matchweek 36,Fri,Away,D,Luton Town,49.0,11873.0,James Tarkowski,4-4-1-1,Tim Robinson,Match Report,18.7,0.0,2024,Everton,0,LutonTown,1.2,1.2,0.0,0.9400000000000001,1.5,-0.5600000000000002,3.2,12.6,38.8
2024-05-11,15:00,Premier League,Matchweek 37,Sat,Home,W,Sheffield Utd,58.0,39221.0,Séamus Coleman,4-4-1-1,Stuart Attwell,Match Report,17.1,0.0,2024,Everton,1,SheffieldUnited,1.2,1.4,-0.2,1.04,1.56,-0.5200000000000002,3.0,12.0,41.0
2024-05-19,16:00,Premier League,Matchweek 38,Sun,Away,L,Arsenal,32.0,60312.0,Séamus Coleman,4-4-1-1,Michael Oliver,Match Report,20.3,2.0,2024,Everton,0,Arsenal,1.4,0.2,1.2,1.2,1.06,0.13999999999999976,3.8,13.0,44.2
2023-08-13,14:00,Premier League,Matchweek 1,Sun,Home,D,Tottenham,31.0,17066.0,Christian Nørgaard,5-3-2,Robert Jones,Match Report,18.0,0.0,2024,Brentford,0,TottenhamHotspur,,,,,,,,,
2023-08-19,15:00,Premier League,Matchweek 2,Sat,Away,W,Fulham,45.0,24236.0,Christian Nørgaard,4-3-3,Darren Bond,Match Report,13.8,1.0,2024,Brentford,1,Fulham,,,,,,,,,
2023-08-26,15:00,Premier League,Matchweek 3,Sat,Home,D,Crystal Palace,60.0,16997.0,Christian Nørgaard,4-3-3,Peter Bankes,Match Report,13.7,0.0,2024,Brentford,0,CrystalPalace,,,,,,,,,
2023-09-02,15:00,Premier League,Matchweek 4,Sat,Home,D,Bournemouth,60.0,16973.0,Christian Nørgaard,4-3-3,Robert Madley,Match Report,14.7,1.0,2024,Brentford,0,Bournemouth,,,,,,,,,
2023-09-16,17:30,Premier League,Matchweek 5,Sat,Away,L,Newcastle Utd,44.0,51670.0,Christian Nørgaard,5-3-2,Craig Pawson,Match Report,15.7,0.0,2024,Brentford,0,NewcastleUnited,,,,,,,,,
2023-09-23,17:30,Premier League,Matchweek 6,Sat,Home,L,Everton,57.0,16981.0,Christian Nørgaard,4-3-3,Michael Oliver,Match Report,13.9,1.0,2024,Brentford,0,Everton,1.6,1.2,0.4,2.06,1.22,0.8400000000000001,4.4,14.0,48.0
2023-10-01,14:00,Premier League,Matchweek 7,Sun,Away,D,Nott'ham Forest,59.0,29004.0,Christian Nørgaard,4-3-3,Paul Tierney,Match Report,14.1,0.0,2024,Brentford,0,NottinghamForest,1.4,1.4,0.0,1.8200000000000003,1.34,0.4800000000000001,3.8,14.4,53.2
2023-10-07,15:00,Premier League,Matchweek 8,Sat,Away,L,Manchester Utd,36.0,73453.0,Christian Nørgaard,3-5-2,Andy Madley,Match Report,17.3,0.0,2024,Brentford,0,ManchesterUnited,1.0,1.6,-0.6,1.4,1.34,0.06000000000000001,3.0,14.8,56.0
2023-10-21,15:00,Premier League,Matchweek 9,Sat,Home,W,Burnley,50.0,17029.0,Christian Nørgaard,4-3-3,Joshua Smith,Match Report,15.0,1.0,2024,Brentford,1,Burnley,1.0,1.8,-0.8,1.3800000000000001,1.4600000000000002,-0.07999999999999996,3.4,14.6,51.2
2023-10-28,12:30,Premier League,Matchweek 10,Sat,Away,W,Chelsea,32.0,39575.0,Christian Nørgaard,3-5-2,Simon Hooper,Match Report,12.7,0.0,2024,Brentford,1,Chelsea,1.2,1.4,-0.2,1.42,1.26,0.16000000000000006,3.8,15.0,49.2
2023-11-04,15:00,Premier League,Matchweek 11,Sat,Home,W,West Ham,58.0,17103.0,Christian Nørgaard,4-3-3,Thomas Bramall,Match Report,15.7,1.0,2024,Brentford,1,WestHamUnited,1.6,1.2,0.4,1.7600000000000002,1.36,0.4000000000000001,4.4,14.2,46.8
2023-11-12,14:00,Premier League,Matchweek 12,Sun,Away,L,Liverpool,42.0,50151.0,Christian Nørgaard,5-3-2,Paul Tierney,Match Report,17.0,2.0,2024,Brentford,0,Liverpool,2.0,1.0,1.0,1.86,1.34,0.5200000000000001,4.8,15.0,47.0
2023-11-25,17:30,Premier League,Matchweek 13,Sat,Home,L,Arsenal,37.0,17201.0,Christian Nørgaard,5-3-2,Tim Robinson,Match Report,13.9,0.0,2024,Brentford,0,Arsenal,1.8,1.4,0.4,1.86,1.58,0.2800000000000001,4.8,14.6,43.6
2023-12-02,15:00,Premier League,Matchweek 14,Sat,Home,W,Luton Town,68.0,17075.0,Christian Nørgaard,4-3-3,Anthony Taylor,Match Report,15.4,0.0,2024,Brentford,1,LutonTown,1.6,1.2,0.4,1.9,1.6199999999999999,0.2800000000000001,4.4,14.2,43.8
2023-12-06,19:30,Premier League,Matchweek 15,Wed,Away,L,Brighton,39.0,31571.0,Vitaly Janelt,4-4-2,Peter Bankes,Match Report,17.6,0.0,2024,Brentford,0,BrightonandHoveAlbion,1.6,1.4,0.2,1.9,1.44,0.4600000000000001,3.8,15.0,47.4
2023-12-09,15:00,Premier League,Matchweek 16,Sat,Away,L,Sheffield Utd,59.0,28509.0,Christian Nørgaard,4-3-3,Stuart Attwell,Match Report,16.7,0.0,2024,Brentford,0,SheffieldUnited,1.4,1.8,-0.4,1.7600000000000002,1.36,0.4,2.8,15.0,48.8
2023-12-17,14:00,Premier League,Matchweek 17,Sun,Home,L,Aston Villa,34.0,17034.0,Christian Nørgaard,3-5-2,David Coote,Match Report,13.3,0.0,2024,Brentford,0,AstonVilla,0.8,1.6,-0.8,1.58,1.16,0.41999999999999993,2.8,13.8,49.0
2023-12-27,19:30,Premier League,Matchweek 19,Wed,Home,L,Wolves,60.0,17109.0,Christian Nørgaard,4-3-3,Andy Madley,Match Report,13.8,0.0,2024,Brentford,0,WolverhamptonWanderers,1.0,1.4,-0.4,1.36,1.1,0.25999999999999995,2.8,11.4,47.4
2023-12-30,15:00,Premier League,Matchweek 20,Sat,Away,L,Crystal Palace,54.0,25472.0,Christian Nørgaard,3-5-2,Robert Jones,Match Report,16.0,0.0,2024,Brentford,0,CrystalPalace,1.2,2.0,-0.8,1.58,1.26,0.32,3.4,12.4,52.0
2024-01-20,17:30,Premier League,Matchweek 21,Sat,Home,W,Nott'ham Forest,48.0,17077.0,Ivan Toney,3-5-2,Darren England,Match Report,14.8,1.0,2024,Brentford,1,NottinghamForest,0.8,2.4,-1.6,1.2400000000000002,1.42,-0.17999999999999997,3.0,8.8,49.2
2024-01-31,19:30,Premier League,Matchweek 22,Wed,Away,L,Tottenham,33.0,61210.0,Christian Nørgaard,3-5-2,David Coote,Match Report,12.9,0.0,2024,Brentford,0,TottenhamHotspur,1.2,2.4,-1.2,1.1800000000000002,1.3599999999999999,-0.17999999999999997,4.0,9.6,51.0
2024-02-05,20:00,Premier League,Matchweek 23,Mon,Home,L,Manchester City,28.0,17096.0,Christian Nørgaard,3-5-2,Jarred Gillett,Match Report,15.3,0.0,2024,Brentford,0,ManchesterCity,1.6,2.8,-1.2,1.3800000000000001,1.7799999999999998,-0.3999999999999999,4.2,9.4,45.8
2024-02-10,15:00,Premier League,Matchweek 24,Sat,Away,W,Wolves,29.0,30731.0,Christian Nørgaard,3-5-2,Simon Hooper,Match Report,14.0,0.0,2024,Brentford,1,WolverhamptonWanderers,1.6,3.0,-1.4,1.48,1.92,-0.43999999999999995,4.0,10.4,44.6
2024-02-17,12:30,Premier League,Matchweek 25,Sat,Home,L,Liverpool,38.0,17193.0,Christian Nørgaard,3-5-2,Michael Oliver,Match Report,19.8,3.0,2024,Brentford,0,Liverpool,1.8,2.2,-0.4,1.42,1.64,-0.22000000000000003,4.4,9.4,38.4
2024-02-20,19:30,Premier League,Matchweek 18,Tue,Away,L,Manchester City,30.0,52247.0,Christian Nørgaard,3-5-2,Darren England,Match Report,19.4,1.0,2024,Brentford,0,ManchesterCity,1.8,2.4,-0.6,1.46,2.0,-0.5399999999999999,4.8,10.6,35.2
2024-02-26,20:00,Premier League,Matchweek 26,Mon,Away,L,West Ham,59.0,62450.0,Christian Nørgaard,3-5-2,Simon Hooper,Match Report,16.7,0.0,2024,Brentford,0,WestHamUnited,1.2,2.2,-1.0,1.3,2.2199999999999998,-0.9199999999999999,4.2,9.6,31.6
2024-03-02,15:00,Premier League,Matchweek 27,Sat,Home,D,Chelsea,33.0,17140.0,Christian Nørgaard,3-5-2,Jarred Gillett,Match Report,14.5,0.0,2024,Brentford,0,Chelsea,1.2,2.4,-1.2,1.16,1.98,-0.82,4.6,10.6,36.8
2024-03-09,17:30,Premier League,Matchweek 28,Sat,Away,L,Arsenal,29.0,60331.0,Christian Nørgaard,3-5-2,Robert Jones,Match Report,17.1,0.0,2024,Brentford,0,Arsenal,1.4,2.2,-0.8,1.3199999999999998,1.92,-0.5999999999999999,5.2,11.6,37.8
2024-03-16,15:00,Premier League,Matchweek 29,Sat,Away,L,Burnley,40.0,20431.0,Ivan Toney,3-5-2,Darren Bond,Match Report,14.7,0.0,2024,Brentford,0,Burnley,1.2,2.6,-1.4,1.1400000000000001,1.98,-0.8399999999999999,4.8,11.6,37.8
2024-03-30,20:00,Premier League,Matchweek 30,Sat,Home,D,Manchester Utd,47.0,17138.0,Ivan Toney,3-5-2,Simon Hooper,Match Report,15.0,1.0,2024,Brentford,0,ManchesterUnited,1.2,2.2,-1.0,1.04,1.9799999999999998,-0.9399999999999998,4.6,10.4,38.2
2024-04-03,19:30,Premier League,Matchweek 31,Wed,Home,D,Brighton,34.0,17024.0,Ivan Toney,3-5-2,Andy Madley,Match Report,17.1,1.0,2024,Brentford,0,BrightonandHoveAlbion,1.4,2.2,-0.8,1.6,1.6400000000000001,-0.039999999999999945,5.2,15.4,41.6
2024-04-06,15:00,Premier League,Matchweek 32,Sat,Away,D,Aston Villa,31.0,42118.0,Mathias Jensen,3-5-2,Michael Salisbury,Match Report,16.5,2.0,2024,Brentford,0,AstonVilla,1.0,1.4,-0.4,1.54,1.52,0.020000000000000018,4.2,13.6,36.6
2024-04-13,15:00,Premier League,Matchweek 33,Sat,Home,W,Sheffield Utd,53.0,17115.0,Mathias Jensen,4-3-3,Samuel Barrott,Match Report,18.7,0.0,2024,Brentford,1,SheffieldUnited,1.2,1.6,-0.4,1.48,1.4600000000000002,0.020000000000000018,3.8,12.4,36.2
2024-04-20,15:00,Premier League,Matchweek 34,Sat,Away,W,Luton Town,47.0,11877.0,Mathias Jensen,4-3-3,Jarred Gillett,Match Report,18.0,0.0,2024,Brentford,1,LutonTown,1.4,1.2,0.2,1.48,1.3599999999999999,0.12000000000000002,4.0,12.4,41.0
2024-04-27,17:30,Premier League,Matchweek 35,Sat,Away,L,Everton,52.0,39098.0,Christian Nørgaard,4-3-3,Darren England,Match Report,16.6,0.0,2024,Brentford,0,Everton,2.2,1.0,1.2,1.8800000000000001,0.9200000000000002,0.96,4.8,14.8,42.4
2024-05-04,15:00,Premier League,Matchweek 36,Sat,Home,D,Fulham,54.0,17090.0,Christian Nørgaard,4-3-3,Graham Scott,Match Report,12.9,0.0,2024,Brentford,0,Fulham,2.0,1.0,1.0,1.4200000000000002,0.9600000000000002,0.45999999999999996,4.6,10.6,43.4
2024-05-11,15:00,Premier League,Matchweek 37,Sat,Away,W,Bournemouth,52.0,11154.0,Christian Nørgaard,4-3-3,Matt Donohue,Match Report,15.7,0.0,2024,Brentford,1,Bournemouth,2.0,1.0,1.0,1.4200000000000002,1.0,0.41999999999999993,4.6,11.0,47.4
2024-05-19,16:00,Premier League,Matchweek 38,Sun,Home,L,Newcastle Utd,54.0,17124.0,Christian Nørgaard,4-3-3,Simon Hooper,Match Report,15.9,1.0,2024,Brentford,0,NewcastleUnited,1.8,0.6,1.2,1.3399999999999999,0.8400000000000001,0.5,4.8,11.6,51.6
2023-08-12,12:30,Premier League,Matchweek 1,Sat,Away,L,Arsenal,22.0,59984.0,Joe Worrall,3-4-3,Michael Oliver,Match Report,17.3,0.0,2024,NottinghamForest,0,Arsenal,,,,,,,,,
2023-08-18,19:45,Premier League,Matchweek 2,Fri,Home,W,Sheffield Utd,50.0,29432.0,Joe Worrall,3-4-3,Peter Bankes,Match Report,15.6,0.0,2024,NottinghamForest,1,SheffieldUnited,,,,,,,,,
2023-08-26,15:00,Premier League,Matchweek 3,Sat,Away,L,Manchester Utd,34.0,73595.0,Joe Worrall,3-4-3,Stuart Attwell,Match Report,14.7,0.0,2024,NottinghamForest,0,ManchesterUnited,,,,,,,,,
2023-09-02,15:00,Premier League,Matchweek 4,Sat,Away,W,Chelsea,25.0,39820.0,Joe Worrall,3-4-3,Tim Robinson,Match Report,19.0,0.0,2024,NottinghamForest,1,Chelsea,,,,,,,,,
2023-09-18,19:45,Premier League,Matchweek 5,Mon,Home,D,Burnley,46.0,28958.0,Joe Worrall,4-2-3-1,Robert Jones,Match Report,18.8,0.0,2024,NottinghamForest,0,Burnley,,,,,,,,,
2023-09-23,15:00,Premier League,Matchweek 6,Sat,Away,L,Manchester City,43.0,53413.0,Serge Aurier,5-4-1,Anthony Taylor,Match Report,17.8,1.0,2024,NottinghamForest,0,ManchesterCity,1.4,1.4,0.0,1.06,1.38,-0.31999999999999995,3.4,10.4,35.4
2023-10-01,14:00,Premier League,Matchweek 7,Sun,Home,D,Brentford,41.0,29004.0,Serge Aurier,4-3-3,Paul Tierney,Match Report,15.4,0.0,2024,NottinghamForest,0,Brentford,1.2,1.4,-0.2,1.02,1.48,-0.45999999999999996,3.6,11.2,39.6
2023-10-07,17:30,Premier League,Matchweek 8,Sat,Away,D,Crystal Palace,48.0,25017.0,Serge Aurier,4-3-3,Craig Pawson,Match Report,18.4,0.0,2024,NottinghamForest,0,CrystalPalace,1.0,1.4,-0.4,0.8400000000000001,1.7,-0.86,3.0,9.2,37.8
2023-10-21,15:00,Premier League,Matchweek 9,Sat,Home,D,Luton Town,57.0,29361.0,Serge Aurier,4-3-3,Samuel Barrott,Match Report,11.1,0.0,2024,NottinghamForest,0,LutonTown,0.6,0.8,-0.2,0.8,1.3,-0.5,3.2,10.6,40.6
2023-10-29,14:00,Premier League,Matchweek 10,Sun,Away,L,Liverpool,28.0,50143.0,Serge Aurier,5-4-1,Chris Kavanagh,Match Report,15.6,0.0,2024,NottinghamForest,0,Liverpool,0.8,1.2,-0.4,1.22,1.1800000000000002,0.039999999999999945,4.2,13.0,47.0
2023-11-05,14:00,Premier League,Matchweek 11,Sun,Home,W,Aston Villa,27.0,29313.0,Morgan Gibbs-White,4-3-3,Jarred Gillett,Match Report,21.1,0.0,2024,NottinghamForest,1,AstonVilla,0.6,1.6,-1.0,1.16,1.7200000000000002,-0.5600000000000002,3.6,12.0,43.4
2023-11-12,14:00,Premier League,Matchweek 12,Sun,Away,L,West Ham,46.0,62470.0,Morgan Gibbs-White,4-3-3,Michael Salisbury,Match Report,15.6,0.0,2024,NottinghamForest,0,WestHamUnited,1.0,1.2,-0.2,1.04,1.7,-0.66,3.6,11.0,40.2
2023-11-25,15:00,Premier League,Matchweek 13,Sat,Home,L,Brighton,47.0,29404.0,Morgan Gibbs-White,4-1-4-1,Anthony Taylor,Match Report,14.7,0.0,2024,NottinghamForest,0,BrightonandHoveAlbion,1.2,1.6,-0.4,1.28,1.7399999999999998,-0.4600000000000001,4.4,11.8,41.2
2023-12-02,17:30,Premier League,Matchweek 14,Sat,Home,L,Everton,61.0,29404.0,Ryan Yates,4-3-3,Paul Tierney,Match Report,16.1,0.0,2024,NottinghamForest,0,Everton,1.6,2.2,-0.6,1.46,1.8400000000000003,-0.38000000000000006,4.2,12.0,41.0
2023-12-06,19:30,Premier League,Matchweek 15,Wed,Away,L,Fulham,37.0,24105.0,Felipe,4-2-3-1,Joshua Smith,Match Report,15.3,0.0,2024,NottinghamForest,0,Fulham,1.2,2.0,-0.8,1.02,1.64,-0.6200000000000001,3.0,10.8,41.8
2023-12-09,15:00,Premier League,Matchweek 16,Sat,Away,D,Wolves,32.0,31543.0,Ryan Yates,3-5-2,Samuel Barrott,Match Report,12.7,0.0,2024,NottinghamForest,0,WolverhamptonWanderers,1.2,2.4,-1.2,1.0,1.5,-0.5,3.0,9.8,43.6
2023-12-15,20:00,Premier League,Matchweek 17,Fri,Home,L,Tottenham,34.0,29296.0,Ryan Yates,3-5-2,Jarred Gillett,Match Report,16.1,0.0,2024,NottinghamForest,0,TottenhamHotspur,1.0,2.6,-1.6,1.18,1.5,-0.32,2.8,10.4,44.6
2023-12-23,15:00,Premier League,Matchweek 18,Sat,Home,L,Bournemouth,34.0,29188.0,Ryan Yates,4-2-3-1,Robert Jones,Match Report,14.5,0.0,2024,NottinghamForest,0,Bournemouth,0.6,2.4,-1.8,1.1,1.44,-0.33999999999999997,2.0,11.4,42.2
2023-12-26,12:30,Premier League,Matchweek 19,Tue,Away,W,Newcastle Utd,38.0,52207.0,Morgan Gibbs-White,4-2-3-1,Chris Kavanagh,Match Report,15.8,0.0,2024,NottinghamForest,1,NewcastleUnited,0.6,2.4,-1.8,0.9199999999999999,1.5,-0.58,2.0,10.2,39.6
2023-12-30,17:30,Premier League,Matchweek 20,Sat,Home,W,Manchester Utd,44.0,29529.0,Ryan Yates,4-2-3-1,Tim Robinson,Match Report,18.3,0.0,2024,NottinghamForest,1,ManchesterUnited,1.2,2.4,-1.2,1.48,1.8399999999999999,-0.36,2.8,10.6,35.0
2024-01-20,17:30,Premier League,Matchweek 21,Sat,Away,L,Brentford,52.0,17077.0,Ryan Yates,4-2-3-1,Darren England,Match Report,20.5,0.0,2024,NottinghamForest,0,Brentford,1.6,1.6,0.0,1.56,1.5,0.06000000000000005,3.0,11.4,36.4
2024-01-30,19:30,Premier League,Matchweek 22,Tue,Home,L,Arsenal,27.0,29387.0,Morgan Gibbs-White,4-2-3-1,Simon Hooper,Match Report,18.7,0.0,2024,NottinghamForest,0,Arsenal,1.8,2.0,-0.2,1.54,1.5,0.040000000000000036,3.2,12.2,40.4
2024-02-04,14:00,Premier League,Matchweek 23,Sun,Away,D,Bournemouth,55.0,11200.0,Ryan Yates,4-2-3-1,Rebecca Welch,Match Report,19.9,0.0,2024,NottinghamForest,0,Bournemouth,2.0,2.0,0.0,1.3800000000000001,1.44,-0.05999999999999996,3.6,11.0,39.0
2024-02-10,17:30,Premier League,Matchweek 24,Sat,Home,L,Newcastle Utd,39.0,29451.0,Ryan Yates,4-2-3-1,Anthony Taylor,Match Report,21.8,0.0,2024,NottinghamForest,0,NewcastleUnited,1.8,1.6,0.2,1.28,1.3800000000000001,-0.09999999999999995,4.0,10.4,43.2
2024-02-17,15:00,Premier League,Matchweek 25,Sat,Home,W,West Ham,49.0,29490.0,Morgan Gibbs-White,4-2-3-1,Thomas Bramall,Match Report,16.5,0.0,2024,NottinghamForest,1,WestHamUnited,1.6,2.0,-0.4,0.8800000000000001,1.0,-0.11999999999999997,3.4,10.0,43.4
2024-02-24,15:00,Premier League,Matchweek 26,Sat,Away,L,Aston Villa,42.0,42131.0,Morgan Gibbs-White,4-2-3-1,Samuel Barrott,Match Report,16.4,0.0,2024,NottinghamForest,0,AstonVilla,1.6,1.8,-0.2,1.3,0.9400000000000001,0.36,4.6,12.2,44.4
2024-03-02,15:00,Premier League,Matchweek 27,Sat,Home,L,Liverpool,31.0,29603.0,Ryan Yates,4-2-3-1,Paul Tierney,Match Report,19.3,0.0,2024,NottinghamForest,0,Liverpool,1.6,2.0,-0.4,1.58,1.42,0.16,4.6,11.8,42.4
2024-03-10,14:00,Premier League,Matchweek 28,Sun,Away,L,Brighton,37.0,31505.0,Ryan Yates,4-3-3,Michael Salisbury,Match Report,19.3,2.0,2024,NottinghamForest,0,BrightonandHoveAlbion,1.4,1.8,-0.4,1.6800000000000002,1.58,0.1,4.4,11.6,43.2
2024-03-16,15:00,Premier League,Matchweek 29,Sat,Away,D,Luton Town,40.0,11630.0,Ryan Yates,4-2-3-1,Darren England,Match Report,22.0,2.0,2024,NottinghamForest,0,LutonTown,1.2,1.8,-0.6,1.72,1.4,0.32,4.0,11.8,39.6
2024-03-30,15:00,Premier League,Matchweek 30,Sat,Home,D,Crystal Palace,59.0,29520.0,Ryan Yates,4-2-3-1,Chris Kavanagh,Match Report,20.5,0.0,2024,NottinghamForest,0,CrystalPalace,1.0,1.4,-0.4,1.8200000000000003,1.42,0.4,4.0,12.4,39.8
2024-04-02,19:30,Premier League,Matchweek 31,Tue,Home,W,Fulham,34.0,28997.0,Ryan Yates,4-2-3-1,Michael Oliver,Match Report,18.5,0.0,2024,NottinghamForest,1,Fulham,0.8,1.6,-0.8,1.44,1.56,-0.11999999999999995,3.4,11.0,41.8
2024-04-07,18:00,Premier League,Matchweek 32,Sun,Away,L,Tottenham,37.0,61098.0,Ryan Yates,4-2-3-1,Simon Hooper,Match Report,22.9,1.0,2024,NottinghamForest,0,TottenhamHotspur,1.0,1.0,0.0,1.22,1.14,0.08000000000000004,3.6,12.2,40.2
2024-04-13,15:00,Premier League,Matchweek 33,Sat,Home,D,Wolves,46.0,29604.0,Ryan Yates,4-2-3-1,Craig Pawson,Match Report,17.0,0.0,2024,NottinghamForest,0,WolverhamptonWanderers,1.2,1.4,-0.2,1.3199999999999998,1.04,0.2800000000000001,4.4,13.2,41.4
2024-04-21,13:30,Premier League,Matchweek 34,Sun,Away,L,Everton,59.0,39239.0,Morgan Gibbs-White,4-2-3-1,Anthony Taylor,Match Report,13.7,0.0,2024,NottinghamForest,0,Everton,1.6,1.6,0.0,1.56,1.16,0.4000000000000001,5.4,15.0,43.2
2024-04-28,16:30,Premier League,Matchweek 35,Sun,Home,L,Manchester City,34.0,29677.0,Morgan Gibbs-White,5-4-1,Simon Hooper,Match Report,15.0,1.0,2024,NottinghamForest,0,ManchesterCity,1.4,1.8,-0.4,1.34,1.1,0.24000000000000013,5.4,13.4,47.0
2024-05-04,15:00,Premier League,Matchweek 36,Sat,Away,W,Sheffield Utd,46.0,28516.0,Ryan Yates,4-2-3-1,Chris Kavanagh,Match Report,17.2,0.0,2024,NottinghamForest,1,SheffieldUnited,1.2,2.0,-0.8,1.54,1.0399999999999998,0.5000000000000001,4.8,13.8,42.0
2024-05-11,17:30,Premier League,Matchweek 37,Sat,Home,L,Chelsea,33.0,29708.0,Ryan Yates,5-4-1,Tony Harrington,Match Report,17.2,0.0,2024,NottinghamForest,0,Chelsea,1.2,2.0,-0.8,1.5399999999999998,1.1800000000000002,0.36000000000000004,4.8,13.6,44.4
2024-05-19,16:00,Premier League,Matchweek 38,Sun,Away,W,Burnley,28.0,21109.0,Ryan Yates,4-2-3-1,Graham Scott,Match Report,17.2,0.0,2024,NottinghamForest,1,Burnley,1.4,2.0,-0.6,1.5399999999999998,1.2,0.34,4.4,15.0,43.6
2023-08-12,15:00,Premier League,Matchweek 1,Sat,Away,L,Brighton,30.0,31872.0,Tom Lockyer,3-5-2,David Coote,Match Report,16.6,0.0,2024,LutonTown,0,BrightonandHoveAlbion,,,,,,,,,
2023-08-25,20:00,Premier League,Matchweek 3,Fri,Away,L,Chelsea,33.0,39893.0,Tom Lockyer,5-3-2,Robert Jones,Match Report,19.0,1.0,2024,LutonTown,0,Chelsea,,,,,,,,,
2023-09-01,20:00,Premier League,Matchweek 4,Fri,Home,L,West Ham,39.0,10802.0,Carlton Morris,5-3-2,Paul Tierney,Match Report,11.9,0.0,2024,LutonTown,0,WestHamUnited,,,,,,,,,
2023-09-16,15:00,Premier League,Matchweek 5,Sat,Away,L,Fulham,23.0,24467.0,Tom Lockyer,5-3-2,Michael Salisbury,Match Report,10.0,0.0,2024,LutonTown,0,Fulham,,,,,,,,,
2023-09-23,15:00,Premier League,Matchweek 6,Sat,Home,D,Wolves,57.0,10893.0,Tom Lockyer,3-4-3,Joshua Smith,Match Report,17.3,0.0,2024,LutonTown,0,WolverhamptonWanderers,,,,,,,,,
2023-09-30,15:00,Premier League,Matchweek 7,Sat,Away,W,Everton,33.0,39289.0,Tom Lockyer,3-4-3,Anthony Taylor,Match Report,13.4,0.0,2024,LutonTown,1,Everton,0.6,2.2,-1.6,1.3,1.7600000000000002,-0.4600000000000001,1.8,12.2,36.4
2023-10-03,19:30,Premier League,Matchweek 2,Tue,Home,L,Burnley,49.0,10918.0,Tom Lockyer,3-4-3,Peter Bankes,Match Report,13.1,0.0,2024,LutonTown,0,Burnley,0.8,1.6,-0.8,1.1800000000000002,1.54,-0.36000000000000004,1.8,12.4,37.0
2023-10-07,12:30,Premier League,Matchweek 8,Sat,Home,L,Tottenham,34.0,10290.0,Tom Lockyer,4-4-2,John Brooks,Match Report,16.3,0.0,2024,LutonTown,0,TottenhamHotspur,1.0,1.4,-0.4,1.3599999999999999,1.3199999999999998,0.039999999999999994,2.0,13.8,40.2
2023-10-21,15:00,Premier League,Matchweek 9,Sat,Away,D,Nott'ham Forest,43.0,29361.0,Tom Lockyer,4-4-2,Samuel Barrott,Match Report,17.6,0.0,2024,LutonTown,0,NottinghamForest,0.8,1.2,-0.4,1.24,1.5,-0.25999999999999995,2.2,13.0,39.2
2023-10-29,14:00,Premier League,Matchweek 10,Sun,Away,L,Aston Villa,30.0,41785.0,Tom Lockyer,3-4-3,John Brooks,Match Report,17.3,0.0,2024,LutonTown,0,AstonVilla,1.2,1.4,-0.2,1.3599999999999999,1.8800000000000001,-0.5199999999999999,2.6,14.2,43.2
2023-11-05,16:30,Premier League,Matchweek 11,Sun,Home,D,Liverpool,27.0,11049.0,Tom Lockyer,3-4-3,Andy Madley,Match Report,17.9,0.0,2024,LutonTown,0,Liverpool,1.2,1.8,-0.6,1.04,2.2199999999999998,-1.18,2.2,11.8,37.8
2023-11-11,15:00,Premier League,Matchweek 12,Sat,Away,L,Manchester Utd,36.0,73599.0,Tom Lockyer,3-4-3,Graham Scott,Match Report,21.9,1.0,2024,LutonTown,0,ManchesterUnited,1.0,1.8,-0.8,1.02,2.16,-1.14,2.8,11.6,36.6
2023-11-25,15:00,Premier League,Matchweek 13,Sat,Home,W,Crystal Palace,39.0,11029.0,Tom Lockyer,3-4-3,Jarred Gillett,Match Report,14.2,0.0,2024,LutonTown,1,CrystalPalace,0.8,1.6,-0.8,0.8400000000000001,2.38,-1.54,3.2,10.0,34.0
2023-12-02,15:00,Premier League,Matchweek 14,Sat,Away,L,Brentford,32.0,17075.0,Tom Lockyer,3-4-3,Anthony Taylor,Match Report,23.8,0.0,2024,LutonTown,0,Brentford,1.2,1.6,-0.4,0.8600000000000001,2.32,-1.46,3.4,9.2,35.0
2023-12-05,20:15,Premier League,Matchweek 15,Tue,Home,L,Arsenal,34.0,11031.0,Pelly Ruddock Mpanzu,3-4-3,Samuel Barrott,Match Report,18.8,0.0,2024,LutonTown,0,Arsenal,1.0,1.8,-0.8,0.56,2.3600000000000003,-1.8,2.8,8.0,32.8
2023-12-10,14:00,Premier League,Matchweek 16,Sun,Home,L,Manchester City,35.0,11047.0,Tom Lockyer,3-4-3,Tim Robinson,Match Report,19.2,0.0,2024,LutonTown,0,ManchesterCity,1.4,2.0,-0.6,0.56,2.3400000000000003,-1.78,3.4,7.8,33.6
2023-12-23,15:00,Premier League,Matchweek 18,Sat,Home,W,Newcastle Utd,35.0,11042.0,Amari'i Bell,3-4-3,Darren England,Match Report,19.4,0.0,2024,LutonTown,1,NewcastleUnited,1.4,2.2,-0.8,0.45999999999999996,2.14,-1.6800000000000002,2.8,7.0,35.2
2023-12-26,15:00,Premier League,Matchweek 19,Tue,Away,W,Sheffield Utd,49.0,31041.0,Amari'i Bell,3-4-3,Samuel Allison,Match Report,17.9,1.0,2024,LutonTown,1,SheffieldUnited,1.6,2.0,-0.4,0.6599999999999999,1.98,-1.32,3.0,8.2,35.0
2023-12-30,12:30,Premier League,Matchweek 20,Sat,Home,L,Chelsea,52.0,11041.0,Amari'i Bell,3-4-3,Paul Tierney,Match Report,11.6,1.0,2024,LutonTown,0,Chelsea,1.8,2.2,-0.4,0.6,2.14,-1.54,3.2,9.0,37.0
2024-01-12,19:45,Premier League,Matchweek 21,Fri,Away,D,Burnley,61.0,20155.0,Amari'i Bell,3-4-3,Tony Harrington,Match Report,18.2,0.0,2024,LutonTown,0,Burnley,2.0,2.2,-0.2,1.02,1.8199999999999998,-0.8000000000000002,4.2,10.6,41.0
2024-01-30,19:45,Premier League,Matchweek 22,Tue,Home,W,Brighton,41.0,10994.0,Carlton Morris,3-4-3,Robert Jones,Match Report,13.8,1.0,2024,LutonTown,1,BrightonandHoveAlbion,1.6,1.6,0.0,1.1,1.6,-0.5,4.4,12.2,46.4
2024-02-03,15:00,Premier League,Matchweek 23,Sat,Away,D,Newcastle Utd,45.0,52211.0,Carlton Morris,3-4-3,Thomas Bramall,Match Report,14.0,0.0,2024,LutonTown,0,NewcastleUnited,2.2,1.2,1.0,1.6600000000000001,1.4600000000000002,0.20000000000000004,5.6,15.0,47.6
2024-02-10,15:00,Premier League,Matchweek 24,Sat,Home,L,Sheffield Utd,74.0,11138.0,Carlton Morris,3-4-3,Chris Kavanagh,Match Report,17.3,0.0,2024,LutonTown,0,SheffieldUnited,2.8,2.0,0.8,1.8599999999999999,1.64,0.22000000000000006,6.0,13.8,49.6
2024-02-18,16:30,Premier League,Matchweek 25,Sun,Home,L,Manchester Utd,58.0,11483.0,Carlton Morris,3-4-3,David Coote,Match Report,18.6,1.0,2024,LutonTown,0,ManchesterUnited,2.4,2.2,0.2,2.1,1.4999999999999998,0.6000000000000001,6.0,15.2,54.6
2024-02-21,19:30,Premier League,Matchweek 26,Wed,Away,L,Liverpool,40.0,59713.0,Carlton Morris,3-4-3,Andy Madley,Match Report,19.0,1.0,2024,LutonTown,0,Liverpool,2.2,2.0,0.2,2.0,1.78,0.22000000000000006,5.6,16.6,55.8
2024-03-02,17:30,Premier League,Matchweek 27,Sat,Home,L,Aston Villa,46.0,11594.0,Carlton Morris,3-4-3,Michael Oliver,Match Report,11.4,1.0,2024,LutonTown,0,AstonVilla,2.2,2.6,-0.4,2.0,2.2199999999999998,-0.21999999999999983,5.2,16.2,51.6
2024-03-09,15:00,Premier League,Matchweek 28,Sat,Away,D,Crystal Palace,51.0,25103.0,Carlton Morris,3-4-3,Sunny Singh,Match Report,11.9,0.0,2024,LutonTown,0,CrystalPalace,1.8,3.2,-1.4,1.7399999999999998,2.42,-0.6799999999999999,4.4,15.4,52.6
2024-03-13,19:30,Premier League,Matchweek 17,Wed,Away,L,Bournemouth,41.0,11198.0,Carlton Morris,3-4-3,Samuel Allison,Match Report,8.4,0.0,2024,LutonTown,0,Bournemouth,1.2,2.6,-1.4,1.42,2.5,-1.0799999999999998,3.4,15.0,53.8
2024-03-16,15:00,Premier League,Matchweek 29,Sat,Home,D,Nott'ham Forest,60.0,11630.0,Carlton Morris,3-4-3,Darren England,Match Report,18.5,0.0,2024,LutonTown,0,NottinghamForest,1.6,2.8,-1.2,1.46,2.62,-1.16,3.4,12.8,47.2
2024-03-30,15:00,Premier League,Matchweek 30,Sat,Away,L,Tottenham,30.0,61534.0,Carlton Morris,4-3-3,Jarred Gillett,Match Report,17.7,0.0,2024,LutonTown,0,TottenhamHotspur,1.6,2.6,-1.0,1.22,2.44,-1.22,3.4,10.4,47.6
2024-04-03,19:30,Premier League,Matchweek 31,Wed,Away,L,Arsenal,42.0,60262.0,Carlton Morris,3-4-3,Craig Pawson,Match Report,15.9,1.0,2024,LutonTown,0,Arsenal,1.6,2.2,-0.6,1.14,2.3600000000000003,-1.22,3.4,9.4,45.6
2024-04-06,15:00,Premier League,Matchweek 32,Sat,Home,W,Bournemouth,55.0,11797.0,Carlton Morris,3-4-3,Andy Madley,Match Report,18.2,0.0,2024,LutonTown,1,Bournemouth,1.2,2.0,-0.8,0.8400000000000001,2.12,-1.28,2.8,7.6,44.8
2024-04-13,15:00,Premier League,Matchweek 33,Sat,Away,L,Manchester City,27.0,52149.0,Carlton Morris,3-4-3,John Brooks,Match Report,9.3,0.0,2024,LutonTown,0,ManchesterCity,1.4,2.0,-0.6,0.9800000000000001,1.6600000000000001,-0.6799999999999999,4.2,9.8,45.6
2024-04-20,15:00,Premier League,Matchweek 34,Sat,Home,L,Brentford,53.0,11877.0,Carlton Morris,3-4-3,Jarred Gillett,Match Report,17.0,0.0,2024,LutonTown,0,Brentford,1.0,2.2,-1.2,0.6799999999999999,2.04,-1.3599999999999999,3.8,9.0,42.8
2024-04-27,15:00,Premier League,Matchweek 35,Sat,Away,L,Wolves,42.0,31531.0,Carlton Morris,3-4-3,David Coote,Match Report,17.4,0.0,2024,LutonTown,0,WolverhamptonWanderers,1.0,3.0,-2.0,0.6799999999999999,2.26,-1.58,3.6,8.2,41.4
2024-05-03,20:00,Premier League,Matchweek 36,Fri,Home,D,Everton,51.0,11873.0,Carlton Morris,3-4-3,Tim Robinson,Match Report,18.4,0.0,2024,LutonTown,0,Everton,1.0,3.0,-2.0,0.7,1.92,-1.22,4.2,8.6,43.8
2024-05-11,15:00,Premier League,Matchweek 37,Sat,Away,L,West Ham,42.0,62475.0,Carlton Morris,3-4-3,Michael Oliver,Match Report,12.5,0.0,2024,LutonTown,0,WestHamUnited,1.2,2.8,-1.6,0.8,2.0599999999999996,-1.26,5.0,11.2,45.6
2024-05-19,16:00,Premier League,Matchweek 38,Sun,Home,L,Fulham,41.0,12027.0,Carlton Morris,3-4-3,Matt Donohue,Match Report,19.3,2.0,2024,LutonTown,0,Fulham,1.0,3.2,-2.2,0.5599999999999999,2.62,-2.06,3.4,8.2,43.0
2023-08-11,20:00,Premier League,Matchweek 1,Fri,Home,L,Manchester City,35.0,21572.0,Josh Cullen,5-4-1,Craig Pawson,Match Report,14.9,0.0,2024,Burnley,0,ManchesterCity,,,,,,,,,
2023-08-27,14:00,Premier League,Matchweek 3,Sun,Home,L,Aston Villa,57.0,21591.0,Josh Cullen,4-4-2,Michael Salisbury,Match Report,17.7,0.0,2024,Burnley,0,AstonVilla,,,,,,,,,
2023-09-02,15:00,Premier League,Matchweek 4,Sat,Home,L,Tottenham,47.0,21750.0,Josh Cullen,4-4-2,Darren England,Match Report,17.9,1.0,2024,Burnley,0,TottenhamHotspur,,,,,,,,,
2023-09-18,19:45,Premier League,Matchweek 5,Mon,Away,D,Nott'ham Forest,54.0,28958.0,Josh Brownhill,4-2-3-1,Robert Jones,Match Report,18.9,0.0,2024,Burnley,0,NottinghamForest,,,,,,,,,
2023-09-23,20:00,Premier League,Matchweek 6,Sat,Home,L,Manchester Utd,61.0,21593.0,Josh Brownhill,4-3-3,Tony Harrington,Match Report,15.6,0.0,2024,Burnley,0,ManchesterUnited,,,,,,,,,
2023-09-30,15:00,Premier League,Matchweek 7,Sat,Away,L,Newcastle Utd,47.0,51687.0,Josh Brownhill,4-2-3-1,Thomas Bramall,Match Report,16.3,0.0,2024,Burnley,0,NewcastleUnited,0.8,2.6,-1.8,0.78,1.6600000000000001,-0.8800000000000001,2.8,10.6,50.8
2023-10-03,19:30,Premier League,Matchweek 2,Tue,Away,W,Luton Town,51.0,10918.0,Josh Brownhill,4-3-3,Peter Bankes,Match Report,20.2,0.0,2024,Burnley,1,LutonTown,0.8,2.4,-1.6,0.8400000000000001,1.9,-1.06,3.0,11.0,53.2
2023-10-07,15:00,Premier League,Matchweek 8,Sat,Home,L,Chelsea,38.0,21654.0,Josh Brownhill,4-3-3,Stuart Attwell,Match Report,18.2,1.0,2024,Burnley,0,Chelsea,1.0,2.0,-1.0,0.9199999999999999,1.6600000000000001,-0.74,3.4,12.0,52.0
2023-10-21,15:00,Premier League,Matchweek 9,Sat,Away,L,Brentford,50.0,17029.0,Josh Cullen,4-2-3-1,Joshua Smith,Match Report,20.2,0.0,2024,Burnley,0,Brentford,0.8,1.8,-1.0,0.8,1.6,-0.7999999999999999,3.2,10.8,50.2
2023-10-28,15:00,Premier League,Matchweek 10,Sat,Away,L,Bournemouth,55.0,11152.0,Josh Brownhill,4-3-3,Samuel Barrott,Match Report,18.0,0.0,2024,Burnley,0,Bournemouth,0.6,2.2,-1.6,0.9200000000000002,2.08,-1.16,2.8,10.0,49.4
2023-11-04,15:00,Premier League,Matchweek 11,Sat,Home,L,Crystal Palace,67.0,21578.0,Josh Brownhill,4-4-2,Peter Bankes,Match Report,13.3,0.0,2024,Burnley,0,CrystalPalace,0.8,2.4,-1.6,0.86,2.1,-1.24,2.6,8.8,48.2
2023-11-11,15:00,Premier League,Matchweek 12,Sat,Away,L,Arsenal,37.0,60232.0,Josh Brownhill,4-4-2,Michael Oliver,Match Report,19.3,0.0,2024,Burnley,0,Arsenal,0.8,2.4,-1.6,0.9600000000000002,1.7399999999999998,-0.78,3.2,10.6,52.2
2023-11-25,15:00,Premier League,Matchweek 13,Sat,Home,L,West Ham,50.0,21319.0,Josh Brownhill,4-4-2,Samuel Barrott,Match Report,17.2,0.0,2024,Burnley,0,WestHamUnited,0.6,2.8,-2.2,0.8,1.8399999999999999,-1.04,3.4,9.4,49.4
2023-12-02,15:00,Premier League,Matchweek 14,Sat,Home,W,Sheffield Utd,63.0,21478.0,Josh Brownhill,4-4-2,Chris Kavanagh,Match Report,15.9,0.0,2024,Burnley,1,SheffieldUnited,0.6,2.4,-1.8,0.9199999999999999,1.64,-0.72,3.6,9.4,51.8
2023-12-05,19:30,Premier League,Matchweek 15,Tue,Away,L,Wolves,49.0,30439.0,Josh Brownhill,4-4-2,Jarred Gillett,Match Report,21.9,2.0,2024,Burnley,0,WolverhamptonWanderers,1.6,1.8,-0.2,1.06,1.1,-0.040000000000000036,4.8,12.0,54.4
2023-12-09,15:00,Premier League,Matchweek 16,Sat,Away,D,Brighton,28.0,31511.0,Josh Brownhill,4-4-2,Simon Hooper,Match Report,12.9,0.0,2024,Burnley,0,BrightonandHoveAlbion,1.4,1.6,-0.2,1.0799999999999998,1.0400000000000003,0.039999999999999966,4.8,13.2,53.2
2023-12-16,17:30,Premier League,Matchweek 17,Sat,Home,L,Everton,61.0,21413.0,Josh Brownhill,4-4-2,Anthony Taylor,Match Report,18.8,1.0,2024,Burnley,0,Everton,1.6,1.4,0.2,0.9800000000000001,1.3,-0.32,4.4,11.0,45.4
2023-12-23,15:00,Premier League,Matchweek 18,Sat,Away,W,Fulham,34.0,23598.0,Josh Brownhill,4-4-2,Rebecca Welch,Match Report,19.5,0.0,2024,Burnley,1,Fulham,1.4,1.2,0.2,1.06,1.22,-0.16,3.8,12.2,50.2
2023-12-26,17:30,Premier League,Matchweek 19,Tue,Home,L,Liverpool,32.0,21624.0,Josh Brownhill,4-4-2,Paul Tierney,Match Report,16.7,0.0,2024,Burnley,0,Liverpool,1.6,0.8,0.8,0.8799999999999999,1.3,-0.42000000000000004,3.4,11.6,47.0
2023-12-30,15:00,Premier League,Matchweek 20,Sat,Away,L,Aston Villa,36.0,41613.0,Josh Brownhill,4-4-2,Stuart Attwell,Match Report,15.4,0.0,2024,Burnley,0,AstonVilla,0.6,1.2,-0.6,0.6799999999999999,1.58,-0.9,2.0,9.6,40.8
2024-01-12,19:45,Premier League,Matchweek 21,Fri,Home,D,Luton Town,39.0,20155.0,Josh Brownhill,4-4-2,Tony Harrington,Match Report,18.8,1.0,2024,Burnley,0,LutonTown,1.0,1.6,-0.6,0.74,2.06,-1.3199999999999998,2.4,9.0,38.2
2024-01-31,19:30,Premier League,Matchweek 22,Wed,Away,L,Manchester City,26.0,52143.0,Josh Brownhill,4-4-2,Samuel Barrott,Match Report,14.7,0.0,2024,Burnley,0,ManchesterCity,1.0,1.6,-0.6,0.8399999999999999,1.72,-0.8799999999999999,3.2,10.4,40.4
2024-02-03,15:00,Premier League,Matchweek 23,Sat,Home,D,Fulham,44.0,20203.0,Josh Brownhill,4-4-2,Darren Bond,Match Report,15.4,0.0,2024,Burnley,0,Fulham,1.2,1.8,-0.6,0.9800000000000001,1.78,-0.8,3.4,9.2,33.4
2024-02-10,15:00,Premier League,Matchweek 24,Sat,Away,L,Liverpool,30.0,59896.0,Josh Brownhill,4-4-2,Tim Robinson,Match Report,17.6,0.0,2024,Burnley,0,Liverpool,1.2,2.2,-1.0,1.26,1.8199999999999998,-0.5599999999999999,3.8,10.2,35.4
2024-02-17,15:00,Premier League,Matchweek 25,Sat,Home,L,Arsenal,36.0,21311.0,Josh Brownhill,4-4-2,Jarred Gillett,Match Report,18.6,0.0,2024,Burnley,0,Arsenal,1.4,2.4,-1.0,1.3599999999999999,2.02,-0.6599999999999999,4.6,10.2,35.0
2024-02-24,15:00,Premier League,Matchweek 26,Sat,Away,L,Crystal Palace,44.0,24042.0,Josh Brownhill,4-4-2,Lewis Smith,Match Report,12.0,0.0,2024,Burnley,0,CrystalPalace,1.0,2.8,-1.8,1.18,1.8399999999999999,-0.6599999999999999,3.6,10.0,35.0
2024-03-03,13:00,Premier League,Matchweek 27,Sun,Home,L,Bournemouth,74.0,19713.0,Josh Cullen,4-4-2,David Coote,Match Report,18.9,1.0,2024,Burnley,0,Bournemouth,0.8,3.2,-2.4,0.9800000000000001,2.1399999999999997,-1.16,2.2,7.8,36.0
2024-03-10,14:00,Premier League,Matchweek 28,Sun,Away,D,West Ham,48.0,62441.0,Josh Cullen,4-4-2,Darren England,Match Report,24.8,1.0,2024,Burnley,0,WestHamUnited,0.6,3.0,-2.4,1.0,2.02,-1.02,2.6,10.2,45.6
2024-03-16,15:00,Premier League,Matchweek 29,Sat,Home,W,Brentford,60.0,20431.0,Josh Cullen,4-4-2,Darren Bond,Match Report,19.2,0.0,2024,Burnley,1,Brentford,0.6,3.0,-2.4,0.78,2.1399999999999997,-1.3599999999999999,2.6,10.0,46.4
2024-03-30,15:00,Premier League,Matchweek 30,Sat,Away,D,Chelsea,31.0,39535.0,Josh Cullen,4-4-2,Darren England,Match Report,14.4,2.0,2024,Burnley,0,Chelsea,0.8,2.6,-1.8,1.08,1.8,-0.7200000000000001,2.8,11.4,52.4
2024-04-02,19:45,Premier League,Matchweek 31,Tue,Home,D,Wolves,51.0,21528.0,Josh Cullen,4-4-2,Thomas Bramall,Match Report,18.4,0.0,2024,Burnley,0,WolverhamptonWanderers,1.2,2.0,-0.8,1.34,2.18,-0.8400000000000001,4.0,13.4,51.4
2024-04-06,15:00,Premier League,Matchweek 32,Sat,Away,L,Everton,62.0,39125.0,Josh Cullen,4-4-2,Michael Oliver,Match Report,16.5,1.0,2024,Burnley,0,Everton,1.4,1.6,-0.2,1.5799999999999998,1.8800000000000001,-0.3000000000000001,5.2,15.6,52.8
2024-04-13,15:00,Premier League,Matchweek 33,Sat,Home,D,Brighton,44.0,20687.0,Josh Cullen,4-4-2,Simon Hooper,Match Report,17.1,0.0,2024,Burnley,0,BrightonandHoveAlbion,1.4,1.4,0.0,1.3800000000000001,1.8400000000000003,-0.4600000000000001,4.4,12.8,50.4
2024-04-20,15:00,Premier League,Matchweek 34,Sat,Away,W,Sheffield Utd,51.0,28964.0,Josh Cullen,4-4-2,Andy Madley,Match Report,16.0,0.0,2024,Burnley,1,SheffieldUnited,1.2,1.2,0.0,1.58,1.6,-0.02000000000000004,4.2,12.8,49.6
2024-04-27,15:00,Premier League,Matchweek 35,Sat,Away,D,Manchester Utd,52.0,73571.0,Josh Cullen,4-4-2,John Brooks,Match Report,19.3,1.0,2024,Burnley,0,ManchesterUnited,1.6,1.2,0.4,1.4600000000000002,1.86,-0.3999999999999999,5.0,12.8,47.8
2024-05-04,15:00,Premier League,Matchweek 36,Sat,Home,L,Newcastle Utd,47.0,21781.0,Josh Brownhill,4-2-3-1,Anthony Taylor,Match Report,18.2,0.0,2024,Burnley,0,NewcastleUnited,1.4,1.0,0.4,1.56,1.5599999999999998,8.881784197001253e-17,5.0,12.2,52.0
2024-05-11,15:00,Premier League,Matchweek 37,Sat,Away,L,Tottenham,37.0,61148.0,Josh Cullen,4-4-2,Jarred Gillett,Match Report,11.8,0.0,2024,Burnley,0,TottenhamHotspur,1.4,1.6,-0.2,1.5,2.0599999999999996,-0.5599999999999998,4.8,13.0,51.2
2024-05-19,16:00,Premier League,Matchweek 38,Sun,Home,L,Nott'ham Forest,72.0,21109.0,Josh Cullen,4-4-2,Graham Scott,Match Report,22.4,1.0,2024,Burnley,0,NottinghamForest,1.6,1.8,-0.2,1.54,2.4199999999999995,-0.8799999999999999,5.2,13.2,46.2
2023-08-12,15:00,Premier League,Matchweek 1,Sat,Home,L,Crystal Palace,32.0,31194.0,John Egan,3-4-3,John Brooks,Match Report,19.4,0.0,2024,SheffieldUnited,0,CrystalPalace,,,,,,,,,
2023-08-18,19:45,Premier League,Matchweek 2,Fri,Away,L,Nott'ham Forest,50.0,29432.0,John Egan,3-4-3,Peter Bankes,Match Report,18.8,0.0,2024,SheffieldUnited,0,NottinghamForest,,,,,,,,,
2023-08-27,14:00,Premier League,Matchweek 3,Sun,Home,L,Manchester City,21.0,31336.0,John Egan,3-5-2,Jarred Gillett,Match Report,16.1,0.0,2024,SheffieldUnited,0,ManchesterCity,,,,,,,,,
2023-09-02,12:30,Premier League,Matchweek 4,Sat,Home,D,Everton,46.0,31124.0,John Egan,3-5-2,Andy Madley,Match Report,14.1,0.0,2024,SheffieldUnited,0,Everton,,,,,,,,,
2023-09-16,15:00,Premier League,Matchweek 5,Sat,Away,L,Tottenham,30.0,61706.0,Chris Basham,3-5-2,Peter Bankes,Match Report,17.6,0.0,2024,SheffieldUnited,0,TottenhamHotspur,,,,,,,,,
2023-09-24,16:30,Premier League,Matchweek 6,Sun,Home,L,Newcastle Utd,42.0,31127.0,John Egan,3-4-3,Stuart Attwell,Match Report,13.7,0.0,2024,SheffieldUnited,0,NewcastleUnited,1.0,1.8,-0.8,0.72,2.2800000000000002,-1.56,3.4,8.2,35.8
2023-09-30,15:00,Premier League,Matchweek 7,Sat,Away,L,West Ham,48.0,62459.0,John Egan,3-5-2,Graham Scott,Match Report,15.7,0.0,2024,SheffieldUnited,0,WestHamUnited,1.0,3.2,-2.2,0.8,2.6799999999999997,-1.8800000000000001,3.4,8.4,37.8
2023-10-07,15:00,Premier League,Matchweek 8,Sat,Away,L,Fulham,40.0,24361.0,Chris Basham,3-5-2,Samuel Barrott,Match Report,16.6,0.0,2024,SheffieldUnited,0,Fulham,0.8,3.2,-2.4,0.9199999999999999,2.8200000000000003,-1.9,3.2,10.2,37.4
2023-10-21,20:00,Premier League,Matchweek 9,Sat,Home,L,Manchester Utd,38.0,31543.0,Oliver Norwood,4-4-2,Michael Oliver,Match Report,25.8,0.0,2024,SheffieldUnited,0,ManchesterUnited,0.8,3.4,-2.6,0.9,2.56,-1.6600000000000001,3.4,10.0,41.2
2023-10-28,15:00,Premier League,Matchweek 10,Sat,Away,L,Arsenal,33.0,60153.0,Oliver Norwood,4-4-2,Tim Robinson,Match Report,39.9,0.0,2024,SheffieldUnited,0,Arsenal,0.6,3.4,-2.8,0.9400000000000001,2.2800000000000002,-1.3400000000000003,3.0,9.6,39.6
2023-11-04,15:00,Premier League,Matchweek 11,Sat,Home,W,Wolves,39.0,29454.0,Oliver Norwood,3-4-1-2,Robert Jones,Match Report,27.6,1.0,2024,SheffieldUnited,1,WolverhamptonWanderers,0.4,4.0,-3.6,0.8,2.42,-1.6199999999999999,2.0,8.6,40.2
2023-11-12,14:00,Premier League,Matchweek 12,Sun,Away,D,Brighton,39.0,31367.0,Oliver Norwood,3-4-3,John Brooks,Match Report,19.3,0.0,2024,SheffieldUnited,0,BrightonandHoveAlbion,0.8,2.6,-1.8,0.82,1.8799999999999997,-1.06,2.0,8.8,39.6
2023-11-25,15:00,Premier League,Matchweek 13,Sat,Home,L,Bournemouth,46.0,30208.0,Oliver Norwood,3-4-3,Andy Madley,Match Report,14.9,0.0,2024,SheffieldUnited,0,Bournemouth,1.0,2.4,-1.4,0.82,1.7599999999999998,-0.9400000000000001,1.8,7.4,37.8
2023-12-02,15:00,Premier League,Matchweek 14,Sat,Away,L,Burnley,37.0,21478.0,Oliver Norwood,3-4-3,Chris Kavanagh,Match Report,18.9,0.0,2024,SheffieldUnited,0,Burnley,1.0,2.4,-1.4,0.86,1.9,-1.0399999999999998,1.8,8.4,39.0
2023-12-06,19:30,Premier League,Matchweek 15,Wed,Home,L,Liverpool,25.0,31406.0,Anel Ahmedhodžić,3-4-3,Simon Hooper,Match Report,14.6,1.0,2024,SheffieldUnited,0,Liverpool,0.8,3.0,-2.2,0.66,2.04,-1.38,1.4,7.4,38.8
2023-12-09,15:00,Premier League,Matchweek 16,Sat,Home,W,Brentford,41.0,28509.0,Anel Ahmedhodžić,4-1-4-1,Stuart Attwell,Match Report,21.7,0.0,2024,SheffieldUnited,1,Brentford,0.8,2.4,-1.6,0.86,1.8199999999999998,-0.96,1.6,8.2,37.2
2023-12-16,15:00,Premier League,Matchweek 17,Sat,Away,L,Chelsea,22.0,39599.0,Anel Ahmedhodžić,4-1-4-1,Andy Madley,Match Report,19.7,1.0,2024,SheffieldUnited,0,Chelsea,0.6,2.2,-1.6,0.8200000000000001,1.7,-0.8799999999999999,2.2,8.0,37.6
2023-12-22,20:00,Premier League,Matchweek 18,Fri,Away,D,Aston Villa,23.0,41651.0,Jack Robinson,3-4-3,Anthony Taylor,Match Report,19.7,0.0,2024,SheffieldUnited,0,AstonVilla,0.4,2.4,-2.0,0.68,2.02,-1.34,2.2,7.4,34.2
2023-12-26,15:00,Premier League,Matchweek 19,Tue,Home,L,Luton Town,51.0,31041.0,Anel Ahmedhodžić,4-4-2,Samuel Allison,Match Report,16.3,1.0,2024,SheffieldUnited,0,LutonTown,0.4,2.0,-1.6,0.64,1.6199999999999999,-0.9800000000000001,2.2,6.4,29.6
2023-12-30,15:00,Premier League,Matchweek 20,Sat,Away,L,Manchester City,20.0,53108.0,Jack Robinson,3-4-3,David Coote,Match Report,14.9,0.0,2024,SheffieldUnited,0,ManchesterCity,0.8,1.6,-0.8,1.0399999999999998,1.3800000000000001,-0.3400000000000002,2.4,9.4,32.4
2024-01-21,14:00,Premier League,Matchweek 21,Sun,Home,D,West Ham,57.0,29164.0,Anel Ahmedhodžić,4-1-4-1,Michael Salisbury,Match Report,18.5,1.0,2024,SheffieldUnited,0,WestHamUnited,0.8,1.6,-0.8,0.9,1.48,-0.5800000000000003,2.6,9.0,31.4
2024-01-30,20:00,Premier League,Matchweek 22,Tue,Away,L,Crystal Palace,47.0,24781.0,Anel Ahmedhodžić,4-1-4-1,Tony Harrington,Match Report,16.5,0.0,2024,SheffieldUnited,0,CrystalPalace,1.0,2.0,-1.0,1.2399999999999998,1.8200000000000003,-0.5800000000000003,2.8,11.2,34.6
2024-02-03,17:30,Premier League,Matchweek 23,Sat,Home,L,Aston Villa,37.0,30187.0,Anel Ahmedhodžić,5-4-1,Paul Tierney,Match Report,10.0,0.0,2024,SheffieldUnited,0,AstonVilla,1.4,2.2,-0.8,1.3199999999999998,1.42,-0.10000000000000017,3.6,11.8,39.6
2024-02-10,15:00,Premier League,Matchweek 24,Sat,Away,W,Luton Town,26.0,11138.0,Anel Ahmedhodžić,5-4-1,Chris Kavanagh,Match Report,22.4,0.0,2024,SheffieldUnited,1,LutonTown,1.2,3.0,-1.8,1.48,1.6800000000000002,-0.20000000000000023,4.0,12.8,42.4
2024-02-18,14:00,Premier League,Matchweek 25,Sun,Home,L,Brighton,21.0,29522.0,Anel Ahmedhodžić,3-5-1-1,Stuart Attwell,Match Report,18.7,0.0,2024,SheffieldUnited,0,BrightonandHoveAlbion,1.4,2.6,-1.2,1.34,1.92,-0.5800000000000002,3.6,9.8,37.4
2024-02-25,13:30,Premier League,Matchweek 26,Sun,Away,L,Wolves,37.0,30789.0,Anel Ahmedhodžić,3-5-2,Darren Bond,Match Report,16.3,0.0,2024,SheffieldUnited,0,WolverhamptonWanderers,1.4,3.2,-1.8,1.4,2.06,-0.6600000000000001,3.4,10.2,37.6
2024-03-04,20:00,Premier League,Matchweek 27,Mon,Home,L,Arsenal,20.0,29157.0,Anel Ahmedhodžić,4-5-1,Samuel Barrott,Match Report,21.8,0.0,2024,SheffieldUnited,0,Arsenal,1.0,3.0,-2.0,1.02,1.8599999999999999,-0.8400000000000002,3.2,8.6,33.6
2024-03-09,15:00,Premier League,Matchweek 28,Sat,Away,D,Bournemouth,31.0,11074.0,Jack Robinson,3-5-2,Anthony Taylor,Match Report,14.3,0.0,2024,SheffieldUnited,0,Bournemouth,0.6,3.6,-3.0,0.9,2.1,-1.2000000000000002,2.2,7.6,28.2
2024-03-30,15:00,Premier League,Matchweek 30,Sat,Home,D,Fulham,27.0,30010.0,Jack Robinson,3-5-2,Tim Robinson,Match Report,15.7,0.0,2024,SheffieldUnited,0,Fulham,1.0,3.0,-2.0,0.86,2.32,-1.46,3.2,8.2,27.0
2024-04-04,19:30,Premier League,Matchweek 31,Thu,Away,L,Liverpool,18.0,60055.0,Jack Robinson,3-5-2,Stuart Attwell,Match Report,13.6,1.0,2024,SheffieldUnited,0,Liverpool,1.0,3.4,-2.4,0.9,2.2199999999999998,-1.32,3.6,8.6,27.2
2024-04-07,17:30,Premier League,Matchweek 32,Sun,Home,D,Chelsea,32.0,28638.0,Jack Robinson,3-5-2,Robert Jones,Match Report,15.2,0.0,2024,SheffieldUnited,0,Chelsea,1.2,3.0,-1.8,0.9,1.9999999999999996,-1.1,4.0,8.4,26.6
2024-04-13,15:00,Premier League,Matchweek 33,Sat,Away,L,Brentford,47.0,17115.0,Oliver McBurnie,3-5-2,Samuel Barrott,Match Report,15.1,0.0,2024,SheffieldUnited,0,Brentford,1.6,3.2,-1.6,1.06,1.8,-0.7400000000000001,4.2,8.2,25.6
2024-04-20,15:00,Premier League,Matchweek 34,Sat,Home,L,Burnley,49.0,28964.0,Oliver McBurnie,4-2-3-1,Andy Madley,Match Report,14.9,0.0,2024,SheffieldUnited,0,Burnley,1.6,2.4,-0.8,1.18,1.54,-0.3600000000000002,4.6,9.0,31.0
2024-04-24,20:00,Premier League,Matchweek 29,Wed,Away,L,Manchester Utd,29.0,73549.0,Oliver Arblaster,3-5-2,Michael Salisbury,Match Report,17.8,1.0,2024,SheffieldUnited,0,ManchesterUnited,1.4,2.8,-1.4,1.42,1.32,0.09999999999999969,5.0,10.0,34.6
2024-04-27,15:00,Premier League,Matchweek 35,Sat,Away,L,Newcastle Utd,40.0,52196.0,Oliver Arblaster,3-5-2,Tony Harrington,Match Report,13.5,0.0,2024,SheffieldUnited,0,NewcastleUnited,1.2,3.0,-1.8,1.2,1.6400000000000001,-0.4400000000000002,5.0,10.4,35.0
2024-05-04,15:00,Premier League,Matchweek 36,Sat,Home,L,Nott'ham Forest,54.0,28516.0,Jack Robinson,3-5-2,Chris Kavanagh,Match Report,18.0,0.0,2024,SheffieldUnited,0,NottinghamForest,1.2,3.4,-2.2,1.38,1.9,-0.5200000000000002,5.2,12.4,39.4
2024-05-11,15:00,Premier League,Matchweek 37,Sat,Away,L,Everton,42.0,39221.0,Jack Robinson,3-5-2,Stuart Attwell,Match Report,21.0,0.0,2024,SheffieldUnited,0,Everton,1.0,3.6,-2.6,1.54,2.14,-0.6000000000000002,5.0,13.4,43.8
2024-05-19,16:00,Premier League,Matchweek 38,Sun,Home,L,Tottenham,25.0,29116.0,Jack Robinson,5-3-2,Andy Madley,Match Report,18.0,1.0,2024,SheffieldUnited,0,TottenhamHotspur,1.0,3.4,-2.4,1.5,2.4,-0.9,4.8,14.4,42.8
